"planning unit","number","available","partial","reserved"
5879,10,9,0,1
5878,10,10,0,0
5877,10,10,0,0
5876,10,10,0,0
5875,10,10,0,0
5874,10,10,0,0
5873,10,10,0,0
5872,10,10,0,0
5871,10,10,0,0
5870,10,10,0,0
5869,10,10,0,0
5868,10,10,0,0
5867,10,10,0,0
5866,10,10,0,0
5865,10,10,0,0
5864,10,10,0,0
5863,10,10,0,0
5862,10,10,0,0
5861,10,10,0,0
5860,10,10,0,0
5859,10,10,0,0
5858,10,9,0,1
5857,10,9,0,1
5856,10,10,0,0
5855,10,8,1,1
5854,10,10,0,0
5853,10,10,0,0
5852,10,9,0,1
5851,10,9,0,1
5850,10,9,0,1
5849,10,10,0,0
5848,10,10,0,0
5847,10,10,0,0
5846,10,10,0,0
5845,10,10,0,0
5844,10,10,0,0
5843,10,10,0,0
5842,10,10,0,0
5841,10,10,0,0
5840,10,8,0,2
5839,10,10,0,0
5838,10,10,0,0
5837,10,8,0,2
5836,10,9,0,1
5835,10,9,0,1
5834,10,10,0,0
5833,10,9,0,1
5832,10,9,0,1
5831,10,10,0,0
5830,10,9,0,1
5829,10,9,0,1
5828,10,8,0,2
5827,10,9,0,1
5826,10,8,0,2
5825,10,10,0,0
5824,10,10,0,0
5823,10,10,0,0
5822,10,10,0,0
5821,10,10,0,0
5820,10,10,0,0
5819,10,10,0,0
5818,10,10,0,0
5817,10,10,0,0
5816,10,10,0,0
5815,10,8,0,2
5814,10,8,1,1
5813,10,9,0,1
5812,10,8,0,2
5811,10,10,0,0
5810,10,10,0,0
5809,10,10,0,0
5808,10,9,1,0
5807,10,9,1,0
5806,10,8,1,1
5805,10,9,0,1
5804,10,8,1,1
5803,10,10,0,0
5802,10,10,0,0
5801,10,9,0,1
5800,10,8,1,1
5799,10,9,0,1
5798,10,9,0,1
5797,10,9,0,1
5796,10,10,0,0
5795,10,10,0,0
5794,10,10,0,0
5793,10,10,0,0
5792,10,10,0,0
5791,10,10,0,0
5790,10,10,0,0
5789,10,10,0,0
5788,10,10,0,0
5787,10,10,0,0
5786,10,10,0,0
5785,10,9,1,0
5784,10,9,1,0
5783,10,10,0,0
5782,10,10,0,0
5781,10,10,0,0
5780,10,8,0,2
5779,10,8,2,0
5778,10,9,1,0
5777,10,8,2,0
5776,10,7,3,0
5775,10,9,1,0
5774,10,7,1,2
5773,10,9,0,1
5772,10,10,0,0
5771,10,9,1,0
5770,10,10,0,0
5769,10,8,0,2
5768,10,9,0,1
5767,10,9,0,1
5766,10,10,0,0
5765,10,10,0,0
5764,10,10,0,0
5763,10,10,0,0
5762,10,10,0,0
5761,10,10,0,0
5760,10,10,0,0
5759,10,10,0,0
5758,10,10,0,0
5757,10,10,0,0
5756,10,9,0,1
5755,10,9,0,1
5754,10,9,1,0
5753,10,10,0,0
5752,10,9,0,1
5751,10,10,0,0
5750,10,10,0,0
5749,10,8,0,2
5748,10,10,0,0
5747,10,7,0,3
5746,10,5,3,2
5745,10,8,1,1
5744,10,6,2,2
5743,10,7,2,1
5742,10,7,1,2
5741,10,7,1,2
5740,10,7,1,2
5739,10,8,0,2
5738,10,6,1,3
5737,10,6,0,4
5736,10,8,0,2
5735,10,8,0,2
5734,10,7,0,3
5733,10,10,0,0
5732,10,10,0,0
5731,10,10,0,0
5730,10,10,0,0
5729,10,10,0,0
5728,10,10,0,0
5727,10,10,0,0
5726,10,10,0,0
5725,10,10,0,0
5724,10,10,0,0
5723,10,10,0,0
5722,10,10,0,0
5721,10,9,0,1
5720,10,9,0,1
5719,10,10,0,0
5718,10,7,0,3
5717,10,10,0,0
5716,10,10,0,0
5715,10,9,0,1
5714,10,9,0,1
5713,10,7,0,3
5712,10,10,0,0
5711,10,9,1,0
5710,10,7,0,3
5709,10,7,1,2
5708,10,6,1,3
5707,10,6,2,2
5706,10,6,2,2
5705,10,7,0,3
5704,10,7,0,3
5703,10,8,0,2
5702,10,7,1,2
5701,10,5,0,5
5700,10,7,0,3
5699,10,8,0,2
5698,10,10,0,0
5697,10,9,0,1
5696,10,7,0,3
5695,10,10,0,0
5694,10,10,0,0
5693,10,10,0,0
5692,10,10,0,0
5691,10,10,0,0
5690,10,10,0,0
5689,10,10,0,0
5688,10,10,0,0
5687,10,10,0,0
5686,10,10,0,0
5685,10,10,0,0
5684,10,10,0,0
5683,10,10,0,0
5682,10,10,0,0
5681,10,10,0,0
5680,10,8,0,2
5679,10,9,0,1
5678,10,10,0,0
5677,10,10,0,0
5676,10,10,0,0
5675,10,10,0,0
5674,10,10,0,0
5673,10,8,0,2
5672,10,8,1,1
5671,10,9,0,1
5670,10,10,0,0
5669,10,5,4,1
5668,10,6,3,1
5667,10,7,1,2
5666,10,7,1,2
5665,10,1,3,6
5664,10,5,2,3
5663,10,3,3,4
5662,10,7,2,1
5661,10,4,3,3
5660,10,6,1,3
5659,10,5,1,4
5658,10,10,0,0
5657,10,5,0,5
5656,10,8,0,2
5655,10,9,0,1
5654,10,9,0,1
5653,10,8,0,2
5652,10,9,1,0
5651,10,10,0,0
5650,10,10,0,0
5649,10,10,0,0
5648,10,10,0,0
5647,10,10,0,0
5646,10,10,0,0
5645,10,10,0,0
5644,10,10,0,0
5643,10,10,0,0
5642,10,10,0,0
5641,10,10,0,0
5640,10,10,0,0
5639,10,10,0,0
5638,10,10,0,0
5637,10,10,0,0
5636,10,10,0,0
5635,10,10,0,0
5634,10,9,0,1
5633,10,8,0,2
5632,10,9,0,1
5631,10,10,0,0
5630,10,9,0,1
5629,10,9,1,0
5628,10,10,0,0
5627,10,10,0,0
5626,10,10,0,0
5625,10,8,0,2
5624,10,10,0,0
5623,10,9,0,1
5622,10,9,0,1
5621,10,9,0,1
5620,10,5,2,3
5619,10,1,3,6
5618,10,7,1,2
5617,10,10,0,0
5616,10,8,1,1
5615,10,7,2,1
5614,10,5,3,2
5613,10,1,4,5
5612,10,4,2,4
5611,10,7,1,2
5610,10,9,0,1
5609,10,9,0,1
5608,10,4,1,5
5607,10,7,0,3
5606,10,6,0,4
5605,10,9,0,1
5604,10,10,0,0
5603,10,10,0,0
5602,10,10,0,0
5601,10,10,0,0
5600,10,10,0,0
5599,10,10,0,0
5598,10,10,0,0
5597,10,10,0,0
5596,10,10,0,0
5595,10,10,0,0
5594,10,10,0,0
5593,10,10,0,0
5592,10,10,0,0
5591,10,10,0,0
5590,10,10,0,0
5589,10,10,0,0
5588,10,10,0,0
5587,10,10,0,0
5586,10,10,0,0
5585,10,10,0,0
5584,10,10,0,0
5583,10,10,0,0
5582,10,10,0,0
5581,10,10,0,0
5580,10,7,0,3
5579,10,10,0,0
5578,10,10,0,0
5577,10,9,0,1
5576,10,9,0,1
5575,10,10,0,0
5574,10,9,0,1
5573,10,9,0,1
5572,10,6,0,4
5571,10,7,1,2
5570,10,9,0,1
5569,10,8,0,2
5568,10,7,0,3
5567,10,4,1,5
5566,10,10,0,0
5565,10,10,0,0
5564,10,10,0,0
5563,10,7,1,2
5562,10,10,0,0
5561,10,7,0,3
5560,10,7,1,2
5559,10,3,2,5
5558,10,8,0,2
5557,10,10,0,0
5556,10,7,2,1
5555,10,7,2,1
5554,10,8,0,2
5553,10,8,1,1
5552,10,8,1,1
5551,10,10,0,0
5550,10,10,0,0
5549,10,10,0,0
5548,10,10,0,0
5547,10,10,0,0
5546,10,10,0,0
5545,10,10,0,0
5544,10,10,0,0
5543,10,10,0,0
5542,10,10,0,0
5541,10,10,0,0
5540,10,10,0,0
5539,10,10,0,0
5538,10,10,0,0
5537,10,10,0,0
5536,10,10,0,0
5535,10,10,0,0
5534,10,10,0,0
5533,10,10,0,0
5532,10,10,0,0
5531,10,10,0,0
5530,10,10,0,0
5529,10,10,0,0
5528,10,10,0,0
5527,10,10,0,0
5526,10,10,0,0
5525,10,10,0,0
5524,10,10,0,0
5523,10,10,0,0
5522,10,9,0,1
5521,10,9,0,1
5520,10,10,0,0
5519,10,9,0,1
5518,10,10,0,0
5517,10,10,0,0
5516,10,7,0,3
5515,10,6,0,4
5514,10,8,0,2
5513,10,9,0,1
5512,10,8,0,2
5511,10,7,1,2
5510,10,7,0,3
5509,10,9,0,1
5508,10,6,0,4
5507,10,10,0,0
5506,10,10,0,0
5505,10,10,0,0
5502,10,10,0,0
5501,10,2,1,7
5500,10,6,1,3
5499,10,4,1,5
5498,10,1,1,8
5497,10,5,0,5
5496,10,7,2,1
5495,10,5,3,2
5494,10,5,4,1
5493,10,9,1,0
5492,10,9,0,1
5491,10,10,0,0
5490,10,10,0,0
5489,10,10,0,0
5488,10,10,0,0
5487,10,10,0,0
5486,10,10,0,0
5485,10,10,0,0
5484,10,10,0,0
5483,10,10,0,0
5482,10,10,0,0
5481,10,10,0,0
5480,10,10,0,0
5479,10,10,0,0
5478,10,10,0,0
5477,10,10,0,0
5476,10,10,0,0
5475,10,10,0,0
5474,10,10,0,0
5473,10,10,0,0
5472,10,10,0,0
5471,10,10,0,0
5470,10,10,0,0
5469,10,10,0,0
5468,10,10,0,0
5467,10,10,0,0
5466,10,10,0,0
5465,10,10,0,0
5464,10,10,0,0
5463,10,10,0,0
5462,10,10,0,0
5461,10,10,0,0
5460,10,10,0,0
5459,10,10,0,0
5458,10,10,0,0
5457,10,10,0,0
5456,10,10,0,0
5455,10,9,0,1
5454,10,8,0,2
5453,10,10,0,0
5452,10,10,0,0
5451,10,8,0,2
5450,10,10,0,0
5449,10,9,0,1
5448,10,9,0,1
5447,10,7,1,2
5446,10,9,0,1
5445,10,8,0,2
5444,10,6,0,4
5443,10,7,1,2
5442,10,5,1,4
5441,10,9,0,1
5440,10,7,1,2
5439,10,8,1,1
5438,10,10,0,0
5437,10,10,0,0
5430,10,7,0,3
5429,10,10,0,0
5428,10,6,0,4
5427,10,4,2,4
5426,10,5,5,0
5425,10,7,1,2
5424,10,6,0,4
5423,10,9,0,1
5422,10,10,0,0
5421,10,10,0,0
5420,10,10,0,0
5419,10,10,0,0
5418,10,10,0,0
5417,10,10,0,0
5416,10,10,0,0
5415,10,10,0,0
5414,10,10,0,0
5413,10,10,0,0
5412,10,10,0,0
5411,10,10,0,0
5410,10,10,0,0
5409,10,10,0,0
5408,10,10,0,0
5407,10,10,0,0
5406,10,10,0,0
5405,10,9,0,1
5404,10,10,0,0
5403,10,9,0,1
5402,10,10,0,0
5401,10,10,0,0
5400,10,10,0,0
5399,10,10,0,0
5398,10,10,0,0
5397,10,10,0,0
5396,10,10,0,0
5395,10,10,0,0
5394,10,10,0,0
5393,10,10,0,0
5392,10,10,0,0
5391,10,10,0,0
5390,10,10,0,0
5389,10,10,0,0
5388,10,10,0,0
5387,10,10,0,0
5386,10,10,0,0
5385,10,10,0,0
5384,10,10,0,0
5383,10,10,0,0
5382,10,10,0,0
5381,10,10,0,0
5380,10,10,0,0
5379,10,10,0,0
5378,10,10,0,0
5377,10,10,0,0
5376,10,9,0,1
5375,10,10,0,0
5374,10,9,0,1
5373,10,8,0,2
5372,10,7,0,3
5371,10,8,0,2
5370,10,8,1,1
5369,10,8,1,1
5368,10,7,0,3
5367,10,7,0,3
5366,10,5,1,4
5365,10,8,1,1
5364,10,10,0,0
5363,10,9,0,1
5362,10,10,0,0
5361,10,10,0,0
5360,10,10,0,0
5359,10,10,0,0
5350,10,3,2,5
5349,10,2,2,6
5348,10,7,0,3
5347,10,6,1,3
5346,10,10,0,0
5345,10,9,1,0
5344,10,10,0,0
5343,10,10,0,0
5342,10,10,0,0
5341,10,10,0,0
5340,10,10,0,0
5339,10,10,0,0
5338,10,10,0,0
5337,10,10,0,0
5336,10,10,0,0
5335,10,10,0,0
5334,10,10,0,0
5333,10,10,0,0
5332,10,10,0,0
5331,10,10,0,0
5330,10,10,0,0
5329,10,9,0,1
5328,10,10,0,0
5327,10,9,1,0
5326,10,10,0,0
5325,10,10,0,0
5324,10,10,0,0
5323,10,8,1,1
5322,10,10,0,0
5321,10,10,0,0
5320,10,10,0,0
5319,10,10,0,0
5318,10,10,0,0
5317,10,10,0,0
5316,10,10,0,0
5315,10,10,0,0
5314,10,10,0,0
5313,10,10,0,0
5312,10,10,0,0
5311,10,10,0,0
5310,10,10,0,0
5309,10,10,0,0
5308,10,10,0,0
5307,10,10,0,0
5306,10,10,0,0
5305,10,10,0,0
5304,10,10,0,0
5303,10,10,0,0
5302,10,10,0,0
5301,10,10,0,0
5300,10,10,0,0
5299,10,10,0,0
5298,10,10,0,0
5297,10,10,0,0
5296,10,10,0,0
5295,10,10,0,0
5294,10,10,0,0
5293,10,10,0,0
5292,10,10,0,0
5291,10,10,0,0
5290,10,10,0,0
5289,10,9,0,1
5288,10,10,0,0
5287,10,8,0,2
5286,10,7,0,3
5285,10,8,0,2
5284,10,9,0,1
5283,10,9,0,1
5282,10,4,1,5
5281,10,5,2,3
5280,10,5,2,3
5279,10,5,2,3
5278,10,10,0,0
5277,10,10,0,0
5276,10,10,0,0
5275,10,10,0,0
5274,10,10,0,0
5273,10,10,0,0
5263,10,7,1,2
5262,10,5,1,4
5261,10,4,4,2
5260,10,7,2,1
5259,10,8,2,0
5258,10,10,0,0
5257,10,10,0,0
5256,10,10,0,0
5255,10,10,0,0
5254,10,10,0,0
5253,10,10,0,0
5252,10,10,0,0
5251,10,10,0,0
5250,10,10,0,0
5249,10,10,0,0
5248,10,10,0,0
5247,10,10,0,0
5246,10,10,0,0
5245,10,10,0,0
5244,10,10,0,0
5243,10,9,0,1
5242,10,10,0,0
5241,10,8,1,1
5240,10,8,0,2
5239,10,9,0,1
5238,10,7,1,2
5237,10,8,0,2
5236,10,9,0,1
5235,10,4,0,6
5234,10,9,0,1
5233,10,8,0,2
5232,10,10,0,0
5231,10,10,0,0
5230,10,10,0,0
5229,10,10,0,0
5228,10,10,0,0
5227,10,10,0,0
5226,10,10,0,0
5225,10,10,0,0
5224,10,10,0,0
5223,10,10,0,0
5222,10,10,0,0
5221,10,10,0,0
5220,10,10,0,0
5219,10,10,0,0
5218,10,10,0,0
5217,10,10,0,0
5216,10,10,0,0
5215,10,10,0,0
5214,10,10,0,0
5213,10,10,0,0
5212,10,10,0,0
5211,10,10,0,0
5210,10,10,0,0
5209,10,10,0,0
5208,10,10,0,0
5207,10,10,0,0
5206,10,10,0,0
5205,10,10,0,0
5204,10,10,0,0
5203,10,10,0,0
5202,10,10,0,0
5201,10,10,0,0
5200,10,10,0,0
5199,10,10,0,0
5198,10,10,0,0
5197,10,10,0,0
5196,10,10,0,0
5195,10,10,0,0
5194,10,10,0,0
5193,10,10,0,0
5192,10,10,0,0
5191,10,8,0,2
5190,10,10,0,0
5189,10,5,0,5
5188,10,10,0,0
5187,10,7,1,2
5186,10,0,3,7
5185,10,5,0,5
5184,10,5,0,5
5183,10,9,1,0
5182,10,10,0,0
5179,10,10,0,0
5178,10,10,0,0
5167,10,10,0,0
5166,10,6,0,4
5165,10,8,0,2
5164,10,7,3,0
5163,10,7,1,2
5162,10,10,0,0
5161,10,10,0,0
5160,10,10,0,0
5159,10,10,0,0
5158,10,10,0,0
5157,10,10,0,0
5156,10,10,0,0
5155,10,10,0,0
5154,10,10,0,0
5153,10,10,0,0
5152,10,10,0,0
5151,10,10,0,0
5150,10,10,0,0
5149,10,10,0,0
5148,10,10,0,0
5147,10,10,0,0
5146,10,10,0,0
5145,10,9,1,0
5144,10,9,1,0
5143,10,7,0,3
5142,10,6,1,3
5141,10,7,0,3
5140,10,5,1,4
5139,10,9,1,0
5138,10,8,0,2
5137,10,6,0,4
5136,10,8,0,2
5135,10,6,3,1
5134,10,9,1,0
5133,10,10,0,0
5132,10,10,0,0
5131,10,10,0,0
5130,10,10,0,0
5129,10,10,0,0
5128,10,10,0,0
5127,10,10,0,0
5126,10,10,0,0
5125,10,10,0,0
5124,10,10,0,0
5123,10,10,0,0
5122,10,10,0,0
5121,10,10,0,0
5120,10,10,0,0
5119,10,10,0,0
5118,10,10,0,0
5117,10,10,0,0
5116,10,10,0,0
5115,10,10,0,0
5114,10,10,0,0
5113,10,10,0,0
5112,10,10,0,0
5111,10,10,0,0
5110,10,10,0,0
5109,10,10,0,0
5108,10,10,0,0
5107,10,10,0,0
5106,10,10,0,0
5105,10,10,0,0
5104,10,10,0,0
5103,10,10,0,0
5102,10,10,0,0
5101,10,10,0,0
5100,10,10,0,0
5099,10,10,0,0
5098,10,10,0,0
5097,10,10,0,0
5096,10,10,0,0
5095,10,10,0,0
5094,10,10,0,0
5093,10,9,0,1
5092,10,6,0,4
5091,10,7,0,3
5090,10,6,1,3
5089,10,2,2,6
5088,10,0,3,7
5087,10,0,3,7
5086,10,10,0,0
5073,10,9,0,1
5072,10,9,0,1
5071,10,10,0,0
5070,10,7,1,2
5069,10,9,0,1
5068,10,9,0,1
5067,10,9,0,1
5066,10,9,0,1
5065,10,10,0,0
5064,10,10,0,0
5063,10,10,0,0
5062,10,10,0,0
5061,10,10,0,0
5060,10,10,0,0
5059,10,10,0,0
5058,10,10,0,0
5057,10,10,0,0
5056,10,10,0,0
5055,10,10,0,0
5054,10,10,0,0
5053,10,10,0,0
5052,10,10,0,0
5051,10,10,0,0
5050,10,10,0,0
5049,10,10,0,0
5048,10,10,0,0
5047,10,10,0,0
5046,10,10,0,0
5045,10,4,4,2
5044,10,0,5,5
5043,10,7,1,2
5042,10,8,1,1
5041,10,8,0,2
5040,10,7,0,3
5039,10,4,1,5
5038,10,9,1,0
5037,10,8,1,1
5036,10,9,0,1
5035,10,5,5,0
5034,10,9,1,0
5033,10,10,0,0
5032,10,10,0,0
5031,10,10,0,0
5030,10,10,0,0
5029,10,10,0,0
5028,10,10,0,0
5027,10,10,0,0
5026,10,10,0,0
5025,10,10,0,0
5024,10,10,0,0
5023,10,10,0,0
5022,10,10,0,0
5021,10,10,0,0
5020,10,10,0,0
5019,10,10,0,0
5018,10,10,0,0
5017,10,10,0,0
5016,10,10,0,0
5015,10,10,0,0
5014,10,10,0,0
5013,10,10,0,0
5012,10,10,0,0
5011,10,10,0,0
5010,10,10,0,0
5009,10,10,0,0
5008,10,10,0,0
5007,10,10,0,0
5006,10,10,0,0
5005,10,10,0,0
5004,10,10,0,0
5003,10,10,0,0
5002,10,10,0,0
5001,10,10,0,0
5000,10,10,0,0
4999,10,10,0,0
4998,10,10,0,0
4997,10,10,0,0
4996,10,10,0,0
4995,10,10,0,0
4994,10,10,0,0
4993,10,10,0,0
4992,10,8,1,1
4991,10,4,2,4
4990,10,2,2,6
4989,10,1,2,7
4988,10,3,2,5
4987,10,8,0,2
4973,10,9,0,1
4972,10,10,0,0
4971,10,10,0,0
4970,10,3,2,5
4969,10,8,1,1
4968,10,9,0,1
4967,10,9,0,1
4966,10,9,0,1
4965,10,10,0,0
4964,10,10,0,0
4963,10,10,0,0
4962,10,10,0,0
4961,10,10,0,0
4960,10,10,0,0
4959,10,10,0,0
4958,10,10,0,0
4957,10,10,0,0
4956,10,10,0,0
4955,10,10,0,0
4954,10,10,0,0
4953,10,10,0,0
4952,10,10,0,0
4951,10,10,0,0
4950,10,10,0,0
4949,10,10,0,0
4948,10,10,0,0
4947,10,9,0,1
4946,10,3,2,5
4945,10,2,3,5
4944,10,1,4,5
4943,10,0,5,5
4942,10,2,4,4
4941,10,2,4,4
4940,10,10,0,0
4939,10,9,0,1
4938,10,9,0,1
4937,10,6,1,3
4936,10,8,0,2
4935,10,7,0,3
4934,10,10,0,0
4933,10,10,0,0
4932,10,10,0,0
4931,10,10,0,0
4930,10,10,0,0
4929,10,10,0,0
4928,10,10,0,0
4927,10,10,0,0
4926,10,10,0,0
4925,10,10,0,0
4924,10,10,0,0
4923,10,10,0,0
4922,10,10,0,0
4921,10,10,0,0
4920,10,9,0,1
4919,10,8,0,2
4918,10,9,0,1
4917,10,10,0,0
4916,10,10,0,0
4915,10,10,0,0
4914,10,10,0,0
4913,10,10,0,0
4912,10,10,0,0
4911,10,10,0,0
4910,10,10,0,0
4909,10,10,0,0
4908,10,10,0,0
4907,10,10,0,0
4906,10,10,0,0
4905,10,10,0,0
4904,10,10,0,0
4903,10,10,0,0
4902,10,10,0,0
4901,10,10,0,0
4900,10,10,0,0
4899,10,10,0,0
4898,10,10,0,0
4897,10,10,0,0
4896,10,10,0,0
4895,10,10,0,0
4894,10,10,0,0
4893,10,2,0,8
4892,10,1,0,9
4891,10,3,1,6
4890,10,0,4,6
4889,10,0,4,6
4888,10,2,2,6
4887,10,10,0,0
4886,10,10,0,0
4871,10,10,0,0
4870,10,8,0,2
4869,10,9,1,0
4868,10,4,2,4
4867,10,9,1,0
4866,10,6,0,4
4865,10,10,0,0
4864,10,10,0,0
4863,10,10,0,0
4862,10,10,0,0
4861,10,10,0,0
4860,10,10,0,0
4859,10,10,0,0
4858,10,10,0,0
4857,10,10,0,0
4856,10,10,0,0
4855,10,10,0,0
4854,10,10,0,0
4853,10,10,0,0
4852,10,10,0,0
4851,10,10,0,0
4850,10,10,0,0
4849,10,10,0,0
4848,10,10,0,0
4847,10,9,0,1
4846,10,10,0,0
4845,10,10,0,0
4844,10,2,1,7
4843,10,1,2,7
4842,10,3,2,5
4841,10,3,3,4
4840,10,2,3,5
4839,10,0,4,6
4838,10,1,4,5
4835,10,9,0,1
4834,10,7,0,3
4833,10,9,0,1
4832,10,10,0,0
4831,10,10,0,0
4830,10,10,0,0
4829,10,9,0,1
4828,10,10,0,0
4827,10,10,0,0
4826,10,10,0,0
4825,10,10,0,0
4824,10,10,0,0
4823,10,10,0,0
4822,10,10,0,0
4821,10,10,0,0
4820,10,10,0,0
4819,10,10,0,0
4818,10,10,0,0
4817,10,10,0,0
4816,10,8,0,2
4815,10,8,0,2
4814,10,10,0,0
4813,10,10,0,0
4812,10,9,0,1
4811,10,10,0,0
4810,10,10,0,0
4809,10,10,0,0
4808,10,10,0,0
4807,10,10,0,0
4806,10,10,0,0
4805,10,10,0,0
4804,10,10,0,0
4803,10,10,0,0
4802,10,10,0,0
4801,10,10,0,0
4800,10,10,0,0
4799,10,10,0,0
4798,10,6,3,1
4797,10,4,5,1
4796,10,4,3,3
4795,10,0,6,4
4794,10,1,5,4
4793,10,0,5,5
4792,10,2,3,5
4791,10,2,1,7
4790,10,0,1,9
4789,10,2,0,8
4788,10,4,1,5
4787,10,1,4,5
4786,10,1,4,5
4785,10,0,4,6
4784,10,10,0,0
4783,10,10,0,0
4770,10,9,0,1
4769,10,10,0,0
4768,10,10,0,0
4767,10,8,0,2
4766,10,7,1,2
4765,10,7,1,2
4764,10,8,1,1
4763,10,7,0,3
4762,10,10,0,0
4761,10,10,0,0
4760,10,10,0,0
4759,10,10,0,0
4758,10,10,0,0
4757,10,10,0,0
4756,10,10,0,0
4755,10,10,0,0
4754,10,10,0,0
4753,10,10,0,0
4752,10,10,0,0
4751,10,10,0,0
4750,10,10,0,0
4749,10,10,0,0
4748,10,10,0,0
4747,10,10,0,0
4746,10,10,0,0
4745,10,10,0,0
4744,10,10,0,0
4743,10,10,0,0
4742,10,10,0,0
4741,10,10,0,0
4740,10,0,1,9
4739,10,1,1,8
4738,10,0,2,8
4737,10,1,1,8
4736,10,3,1,6
4735,10,0,4,6
4734,10,0,4,6
4733,10,0,4,6
4727,10,10,0,0
4726,10,10,0,0
4725,10,10,0,0
4724,10,6,0,4
4723,10,10,0,0
4722,10,9,0,1
4721,10,10,0,0
4720,10,10,0,0
4719,10,10,0,0
4718,10,10,0,0
4717,10,10,0,0
4716,10,10,0,0
4715,10,10,0,0
4714,10,7,0,3
4713,10,9,0,1
4712,10,6,0,4
4711,10,6,0,4
4710,10,7,0,3
4709,10,8,0,2
4708,10,10,0,0
4707,10,9,0,1
4706,10,10,0,0
4705,10,10,0,0
4704,10,10,0,0
4703,10,10,0,0
4702,10,10,0,0
4701,10,10,0,0
4700,10,10,0,0
4699,10,10,0,0
4698,10,10,0,0
4697,10,7,0,3
4696,10,10,0,0
4695,10,10,0,0
4694,10,9,1,0
4693,10,4,6,0
4692,10,3,5,2
4691,10,0,7,3
4690,10,1,6,3
4689,10,1,5,4
4688,10,0,5,5
4687,10,2,3,5
4686,10,2,1,7
4685,10,0,1,9
4684,10,3,0,7
4683,10,2,2,6
4682,10,3,3,4
4681,10,0,5,5
4680,10,7,2,1
4679,10,10,0,0
4678,10,10,0,0
4666,10,10,0,0
4665,10,10,0,0
4664,10,10,0,0
4663,10,10,0,0
4662,10,9,0,1
4661,10,10,0,0
4660,10,8,0,2
4659,10,7,0,3
4658,10,10,0,0
4657,10,10,0,0
4656,10,10,0,0
4655,10,10,0,0
4654,10,10,0,0
4653,10,10,0,0
4652,10,10,0,0
4651,10,10,0,0
4650,10,10,0,0
4649,10,10,0,0
4648,10,10,0,0
4647,10,10,0,0
4646,10,10,0,0
4645,10,10,0,0
4644,10,10,0,0
4643,10,10,0,0
4642,10,10,0,0
4641,10,10,0,0
4640,10,10,0,0
4639,10,10,0,0
4638,10,10,0,0
4637,10,10,0,0
4636,10,10,0,0
4635,10,10,0,0
4634,10,1,1,8
4633,10,1,1,8
4632,10,0,2,8
4631,10,0,2,8
4630,10,2,1,7
4629,10,4,1,5
4628,10,4,1,5
4627,10,4,1,5
4620,10,10,0,0
4619,10,10,0,0
4618,10,10,0,0
4617,10,3,1,6
4616,10,10,0,0
4615,10,10,0,0
4614,10,10,0,0
4613,10,10,0,0
4612,10,10,0,0
4611,10,10,0,0
4610,10,10,0,0
4609,10,10,0,0
4608,10,8,0,2
4607,10,9,0,1
4606,10,9,0,1
4605,10,6,1,3
4604,10,9,1,0
4603,10,9,0,1
4602,10,9,0,1
4601,10,9,0,1
4600,10,6,0,4
4599,10,10,0,0
4598,10,10,0,0
4597,10,10,0,0
4596,10,10,0,0
4595,10,10,0,0
4594,10,10,0,0
4593,10,10,0,0
4592,10,10,0,0
4591,10,10,0,0
4590,10,10,0,0
4589,10,10,0,0
4588,10,0,7,3
4587,10,0,7,3
4586,10,10,0,0
4585,10,2,7,1
4584,10,1,6,3
4583,10,1,6,3
4582,10,2,4,4
4581,10,1,3,6
4580,10,2,1,7
4579,10,1,1,8
4578,10,2,1,7
4577,10,0,2,8
4576,10,3,2,5
4575,10,10,0,0
4574,10,10,0,0
4573,10,10,0,0
4572,10,9,0,1
4560,10,7,0,3
4559,10,10,0,0
4558,10,10,0,0
4557,10,10,0,0
4556,10,10,0,0
4555,10,10,0,0
4554,10,10,0,0
4553,10,10,0,0
4552,10,10,0,0
4551,10,10,0,0
4550,10,10,0,0
4549,10,10,0,0
4548,10,10,0,0
4547,10,10,0,0
4546,10,10,0,0
4545,10,10,0,0
4544,10,10,0,0
4543,10,10,0,0
4542,10,10,0,0
4541,10,10,0,0
4540,10,10,0,0
4539,10,10,0,0
4538,10,10,0,0
4537,10,10,0,0
4536,10,10,0,0
4535,10,10,0,0
4534,10,10,0,0
4533,10,10,0,0
4532,10,10,0,0
4531,10,10,0,0
4530,10,10,0,0
4529,10,10,0,0
4528,10,5,0,5
4527,10,2,0,8
4526,10,1,1,8
4525,10,0,2,8
4524,10,1,2,7
4523,10,0,3,7
4522,10,1,2,7
4521,10,1,2,7
4520,10,1,2,7
4513,10,10,0,0
4512,10,10,0,0
4511,10,0,3,7
4510,10,1,2,7
4509,10,0,3,7
4508,10,0,3,7
4507,10,1,2,7
4506,10,0,2,8
4505,10,0,2,8
4504,10,3,2,5
4503,10,8,0,2
4502,10,2,0,8
4501,10,3,1,6
4500,10,3,2,5
4499,10,6,1,3
4498,10,4,3,3
4497,10,9,1,0
4496,10,8,0,2
4495,10,8,0,2
4494,10,8,0,2
4493,10,9,0,1
4492,10,10,0,0
4491,10,10,0,0
4490,10,10,0,0
4489,10,10,0,0
4488,10,10,0,0
4487,10,10,0,0
4486,10,10,0,0
4485,10,10,0,0
4484,10,10,0,0
4483,10,10,0,0
4481,10,0,7,3
4480,10,10,0,0
4479,10,10,0,0
4478,10,10,0,0
4477,10,10,0,0
4476,10,9,0,1
4475,10,9,1,0
4474,10,8,1,1
4473,10,1,1,8
4472,10,0,1,9
4471,10,8,0,2
4470,10,10,0,0
4469,10,10,0,0
4468,10,10,0,0
4467,10,10,0,0
4459,10,10,0,0
4458,10,10,0,0
4457,10,10,0,0
4456,10,7,0,3
4455,10,10,0,0
4454,10,1,6,3
4453,10,1,6,3
4452,10,2,5,3
4451,10,9,0,1
4450,10,10,0,0
4449,10,10,0,0
4448,10,10,0,0
4447,10,10,0,0
4446,10,10,0,0
4445,10,10,0,0
4444,10,10,0,0
4443,10,10,0,0
4442,10,10,0,0
4441,10,10,0,0
4440,10,10,0,0
4439,10,10,0,0
4438,10,10,0,0
4437,10,10,0,0
4436,10,10,0,0
4435,10,10,0,0
4434,10,10,0,0
4433,10,10,0,0
4432,10,10,0,0
4431,10,10,0,0
4430,10,10,0,0
4429,10,10,0,0
4428,10,10,0,0
4427,10,10,0,0
4426,10,10,0,0
4425,10,10,0,0
4424,10,10,0,0
4423,10,10,0,0
4422,10,10,0,0
4421,10,10,0,0
4420,10,1,0,9
4419,10,0,0,10
4418,10,3,0,7
4417,10,1,2,7
4416,10,0,3,7
4415,10,0,3,7
4414,10,0,3,7
4413,10,0,3,7
4405,10,10,0,0
4404,10,10,0,0
4403,10,0,3,7
4402,10,0,3,7
4401,10,0,3,7
4400,10,0,3,7
4399,10,1,2,7
4398,10,0,2,8
4397,10,1,2,7
4396,10,1,1,8
4395,10,1,1,8
4394,10,2,1,7
4393,10,1,2,7
4392,10,0,3,7
4391,10,2,3,5
4390,10,1,4,5
4389,10,0,4,6
4388,10,8,1,1
4387,10,5,0,5
4386,10,7,1,2
4385,10,8,2,0
4384,10,9,1,0
4383,10,10,0,0
4382,10,10,0,0
4381,10,10,0,0
4377,10,10,0,0
4376,10,9,0,1
4371,10,10,0,0
4370,10,10,0,0
4369,10,10,0,0
4368,10,10,0,0
4367,10,10,0,0
4366,10,10,0,0
4365,10,10,0,0
4364,10,10,0,0
4363,10,10,0,0
4362,10,10,0,0
4361,10,10,0,0
4358,10,10,0,0
4357,10,8,0,2
4356,10,8,0,2
4355,10,8,0,2
4352,10,10,0,0
4351,10,10,0,0
4350,10,10,0,0
4349,10,10,0,0
4348,10,10,0,0
4347,10,9,0,1
4346,10,1,5,4
4345,10,1,6,3
4344,10,2,5,3
4343,10,10,0,0
4342,10,10,0,0
4341,10,10,0,0
4340,10,10,0,0
4339,10,10,0,0
4338,10,10,0,0
4337,10,10,0,0
4336,10,10,0,0
4335,10,10,0,0
4334,10,10,0,0
4333,10,10,0,0
4332,10,10,0,0
4331,10,10,0,0
4330,10,10,0,0
4329,10,10,0,0
4328,10,10,0,0
4327,10,10,0,0
4326,10,10,0,0
4325,10,10,0,0
4324,10,10,0,0
4323,10,10,0,0
4322,10,10,0,0
4321,10,10,0,0
4320,10,10,0,0
4319,10,10,0,0
4318,10,10,0,0
4317,10,10,0,0
4316,10,10,0,0
4315,10,10,0,0
4314,10,10,0,0
4313,10,10,0,0
4312,10,7,0,3
4311,10,3,0,7
4310,10,2,0,8
4309,10,2,1,7
4308,10,0,3,7
4307,10,0,3,7
4306,10,0,3,7
4305,10,0,3,7
4304,10,0,3,7
4296,10,10,0,0
4295,10,10,0,0
4294,10,5,1,4
4293,10,1,2,7
4292,10,1,2,7
4291,10,1,2,7
4290,10,0,2,8
4289,10,1,2,7
4288,10,0,3,7
4287,10,1,2,7
4286,10,2,1,7
4285,10,1,2,7
4284,10,1,2,7
4283,10,2,2,6
4282,10,3,1,6
4281,10,2,2,6
4280,10,9,0,1
4279,10,10,0,0
4278,10,10,0,0
4277,10,10,0,0
4276,10,10,0,0
4275,10,10,0,0
4274,10,10,0,0
4273,10,10,0,0
4256,10,10,0,0
4255,10,10,0,0
4254,10,10,0,0
4252,10,10,0,0
4251,10,10,0,0
4250,10,10,0,0
4249,10,10,0,0
4248,10,10,0,0
4247,10,10,0,0
4246,10,5,0,5
4245,10,10,0,0
4244,10,10,0,0
4243,10,10,0,0
4242,10,10,0,0
4241,10,10,0,0
4240,10,10,0,0
4239,10,10,0,0
4238,10,10,0,0
4237,10,2,4,4
4236,10,8,2,0
4235,10,10,0,0
4234,10,10,0,0
4233,10,10,0,0
4232,10,10,0,0
4231,10,10,0,0
4230,10,10,0,0
4229,10,10,0,0
4228,10,10,0,0
4227,10,10,0,0
4226,10,10,0,0
4225,10,10,0,0
4224,10,10,0,0
4223,10,10,0,0
4222,10,10,0,0
4221,10,10,0,0
4220,10,10,0,0
4219,10,10,0,0
4218,10,10,0,0
4217,10,10,0,0
4216,10,10,0,0
4215,10,10,0,0
4214,10,10,0,0
4213,10,10,0,0
4212,10,10,0,0
4211,10,10,0,0
4210,10,10,0,0
4209,10,10,0,0
4208,10,10,0,0
4207,10,10,0,0
4206,10,10,0,0
4205,10,10,0,0
4204,10,10,0,0
4203,10,8,0,2
4202,10,2,2,6
4201,10,0,3,7
4200,10,1,2,7
4199,10,3,1,6
4198,10,0,3,7
4197,10,0,3,7
4196,10,0,3,7
4195,10,0,3,7
4186,10,10,0,0
4185,10,10,0,0
4184,10,10,0,0
4183,10,1,2,7
4182,10,0,2,8
4181,10,0,2,8
4180,10,1,2,7
4179,10,0,3,7
4178,10,0,3,7
4177,10,0,3,7
4176,10,2,1,7
4175,10,2,1,7
4174,10,0,3,7
4173,10,2,1,7
4172,10,1,1,8
4171,10,1,1,8
4170,10,3,0,7
4169,10,9,0,1
4168,10,10,0,0
4167,10,10,0,0
4166,10,10,0,0
4165,10,10,0,0
4164,10,3,4,3
4143,10,9,0,1
4142,10,10,0,0
4141,10,10,0,0
4140,10,10,0,0
4139,10,10,0,0
4138,10,10,0,0
4137,10,10,0,0
4136,10,10,0,0
4135,10,5,1,4
4134,10,10,0,0
4133,10,10,0,0
4132,10,10,0,0
4131,10,10,0,0
4130,10,10,0,0
4129,10,9,0,1
4128,10,5,0,5
4127,10,10,0,0
4126,10,10,0,0
4125,10,9,0,1
4124,10,10,0,0
4123,10,10,0,0
4122,10,10,0,0
4121,10,10,0,0
4120,10,10,0,0
4119,10,10,0,0
4118,10,10,0,0
4117,10,10,0,0
4116,10,10,0,0
4115,10,10,0,0
4114,10,10,0,0
4113,10,10,0,0
4112,10,10,0,0
4111,10,10,0,0
4110,10,10,0,0
4109,10,10,0,0
4108,10,10,0,0
4107,10,10,0,0
4106,10,10,0,0
4105,10,10,0,0
4104,10,10,0,0
4103,10,10,0,0
4102,10,7,0,3
4101,10,9,0,1
4100,10,10,0,0
4099,10,10,0,0
4098,10,10,0,0
4097,10,10,0,0
4096,10,10,0,0
4095,10,10,0,0
4094,10,3,2,5
4093,10,4,2,4
4092,10,3,2,5
4091,10,1,3,6
4090,10,1,3,6
4089,10,1,2,7
4088,10,3,1,6
4087,10,3,1,6
4086,10,3,1,6
4085,10,10,0,0
4084,10,10,0,0
4083,10,10,0,0
4074,10,10,0,0
4073,10,10,0,0
4072,10,10,0,0
4071,10,0,2,8
4070,10,0,2,8
4069,10,1,2,7
4068,10,0,3,7
4067,10,0,3,7
4066,10,0,3,7
4065,10,2,2,6
4064,10,2,1,7
4063,10,3,1,6
4062,10,3,0,7
4061,10,2,0,8
4060,10,2,0,8
4059,10,1,0,9
4058,10,8,0,2
4057,10,10,0,0
4056,10,10,0,0
4055,10,10,0,0
4054,10,10,0,0
4053,10,1,4,5
4033,10,10,0,0
4032,10,10,0,0
4031,10,10,0,0
4030,10,10,0,0
4029,10,10,0,0
4028,10,10,0,0
4027,10,10,0,0
4026,10,10,0,0
4025,10,6,0,4
4024,10,9,1,0
4023,10,10,0,0
4022,10,10,0,0
4021,10,10,0,0
4020,10,10,0,0
4019,10,10,0,0
4018,10,10,0,0
4017,10,10,0,0
4016,10,10,0,0
4015,10,10,0,0
4014,10,10,0,0
4013,10,10,0,0
4012,10,10,0,0
4011,10,10,0,0
4010,10,10,0,0
4009,10,10,0,0
4008,10,10,0,0
4007,10,10,0,0
4006,10,10,0,0
4005,10,10,0,0
4004,10,10,0,0
4003,10,10,0,0
4002,10,10,0,0
4001,10,9,0,1
4000,10,10,0,0
3999,10,10,0,0
3998,10,10,0,0
3997,10,10,0,0
3996,10,10,0,0
3995,10,10,0,0
3994,10,10,0,0
3993,10,10,0,0
3992,10,10,0,0
3991,10,6,0,4
3990,10,5,0,5
3989,10,5,0,5
3988,10,10,0,0
3987,10,10,0,0
3986,10,10,0,0
3985,10,9,0,1
3984,10,7,1,2
3983,10,5,2,3
3982,10,0,4,6
3981,10,1,4,5
3980,10,1,4,5
3979,10,5,1,4
3978,10,6,1,3
3977,10,7,0,3
3976,10,8,0,2
3975,10,8,0,2
3974,10,8,0,2
3973,10,10,0,0
3972,10,10,0,0
3971,10,10,0,0
3961,10,10,0,0
3960,10,10,0,0
3959,10,10,0,0
3958,10,10,0,0
3957,10,6,2,2
3956,10,6,2,2
3955,10,6,2,2
3954,10,10,0,0
3953,10,0,3,7
3952,10,1,2,7
3951,10,1,1,8
3950,10,1,1,8
3949,10,1,1,8
3948,10,1,1,8
3947,10,1,0,9
3946,10,8,0,2
3945,10,10,0,0
3944,10,10,0,0
3943,10,10,0,0
3942,10,10,0,0
3922,10,10,0,0
3921,10,10,0,0
3920,10,10,0,0
3919,10,10,0,0
3918,10,10,0,0
3917,10,10,0,0
3916,10,10,0,0
3915,10,10,0,0
3914,10,10,0,0
3913,10,10,0,0
3912,10,10,0,0
3911,10,10,0,0
3910,10,10,0,0
3909,10,10,0,0
3908,10,10,0,0
3907,10,10,0,0
3906,10,10,0,0
3905,10,10,0,0
3904,10,10,0,0
3903,10,9,0,1
3902,10,10,0,0
3901,10,10,0,0
3900,10,9,0,1
3899,10,10,0,0
3898,10,10,0,0
3897,10,10,0,0
3896,10,10,0,0
3895,10,10,0,0
3894,10,10,0,0
3893,10,10,0,0
3892,10,10,0,0
3891,10,10,0,0
3890,10,9,0,1
3889,10,9,0,1
3888,10,9,0,1
3887,10,10,0,0
3886,10,10,0,0
3885,10,10,0,0
3884,10,10,0,0
3883,10,10,0,0
3882,10,10,0,0
3881,10,10,0,0
3880,10,10,0,0
3879,10,0,3,7
3878,10,1,2,7
3877,10,0,2,8
3876,10,0,2,8
3875,10,10,0,0
3874,10,10,0,0
3873,10,10,0,0
3872,10,7,1,2
3871,10,7,1,2
3870,10,5,2,3
3869,10,1,3,6
3868,10,0,4,6
3867,10,1,4,5
3866,10,1,3,6
3865,10,1,3,6
3864,10,7,0,3
3863,10,8,0,2
3862,10,9,0,1
3861,10,9,0,1
3860,10,10,0,0
3859,10,10,0,0
3858,10,10,0,0
3847,10,10,0,0
3846,10,10,0,0
3845,10,10,0,0
3844,10,6,2,2
3843,10,6,2,2
3842,10,10,0,0
3841,10,10,0,0
3840,10,10,0,0
3839,10,2,1,7
3838,10,1,1,8
3837,10,1,1,8
3836,10,1,1,8
3835,10,1,1,8
3834,10,2,0,8
3833,10,10,0,0
3832,10,10,0,0
3831,10,10,0,0
3809,10,10,0,0
3808,10,10,0,0
3807,10,10,0,0
3806,10,10,0,0
3805,10,10,0,0
3804,10,10,0,0
3803,10,10,0,0
3802,10,10,0,0
3801,10,9,0,1
3800,10,8,0,2
3799,10,10,0,0
3798,10,10,0,0
3797,10,10,0,0
3796,10,10,0,0
3795,10,10,0,0
3794,10,10,0,0
3793,10,10,0,0
3792,10,10,0,0
3791,10,10,0,0
3790,10,10,0,0
3789,10,10,0,0
3788,10,8,0,2
3787,10,9,0,1
3786,10,10,0,0
3785,10,10,0,0
3784,10,10,0,0
3783,10,10,0,0
3782,10,10,0,0
3781,10,10,0,0
3780,10,10,0,0
3779,10,10,0,0
3778,10,9,0,1
3777,10,9,0,1
3776,10,9,0,1
3775,10,9,0,1
3774,10,9,0,1
3773,10,9,0,1
3772,10,10,0,0
3771,10,10,0,0
3770,10,10,0,0
3769,10,10,0,0
3768,10,10,0,0
3767,10,10,0,0
3766,10,10,0,0
3765,10,0,3,7
3764,10,0,3,7
3763,10,3,2,5
3762,10,2,2,6
3761,10,10,0,0
3760,10,8,0,2
3759,10,7,0,3
3758,10,5,1,4
3757,10,5,1,4
3756,10,4,2,4
3755,10,1,2,7
3754,10,2,2,6
3753,10,1,3,6
3752,10,1,3,6
3751,10,1,3,6
3750,10,7,0,3
3749,10,8,0,2
3748,10,9,0,1
3747,10,10,0,0
3746,10,10,0,0
3745,10,10,0,0
3744,10,10,0,0
3727,10,10,0,0
3726,10,10,0,0
3725,10,10,0,0
3724,10,10,0,0
3723,10,10,0,0
3722,10,10,0,0
3721,10,10,0,0
3720,10,10,0,0
3719,10,10,0,0
3718,10,10,0,0
3717,10,10,0,0
3695,10,10,0,0
3694,10,10,0,0
3693,10,10,0,0
3692,10,10,0,0
3691,10,10,0,0
3690,10,10,0,0
3689,10,10,0,0
3688,10,10,0,0
3687,10,7,0,3
3686,10,8,0,2
3685,10,9,0,1
3684,10,10,0,0
3683,10,10,0,0
3682,10,10,0,0
3681,10,10,0,0
3680,10,10,0,0
3679,10,8,0,2
3678,10,10,0,0
3677,10,10,0,0
3676,10,10,0,0
3675,10,10,0,0
3674,10,9,0,1
3673,10,10,0,0
3672,10,10,0,0
3671,10,10,0,0
3670,10,10,0,0
3669,10,10,0,0
3668,10,10,0,0
3667,10,10,0,0
3666,10,10,0,0
3665,10,10,0,0
3664,10,9,0,1
3663,10,9,0,1
3662,10,9,0,1
3661,10,9,0,1
3660,10,9,0,1
3659,10,9,0,1
3658,10,9,0,1
3657,10,10,0,0
3656,10,10,0,0
3655,10,10,0,0
3654,10,10,0,0
3653,10,10,0,0
3652,10,0,4,6
3651,10,2,3,5
3650,10,1,3,6
3649,10,3,2,5
3648,10,0,5,5
3647,10,1,4,5
3646,10,3,2,5
3645,10,4,2,4
3644,10,5,1,4
3643,10,2,2,6
3642,10,3,2,5
3641,10,2,3,5
3640,10,1,2,7
3639,10,2,2,6
3638,10,0,3,7
3637,10,0,3,7
3636,10,0,3,7
3635,10,6,0,4
3634,10,8,0,2
3633,10,9,0,1
3632,10,10,0,0
3631,10,10,0,0
3630,10,10,0,0
3629,10,10,0,0
3611,10,10,0,0
3610,10,10,0,0
3609,10,10,0,0
3608,10,10,0,0
3607,10,10,0,0
3606,10,10,0,0
3605,10,10,0,0
3604,10,10,0,0
3581,10,6,1,3
3580,10,6,1,3
3579,10,8,0,2
3578,10,10,0,0
3577,10,10,0,0
3576,10,10,0,0
3575,10,10,0,0
3574,10,10,0,0
3573,10,10,0,0
3572,10,10,0,0
3571,10,8,0,2
3570,10,7,0,3
3569,10,10,0,0
3568,10,10,0,0
3567,10,10,0,0
3566,10,9,0,1
3565,10,10,0,0
3564,10,10,0,0
3563,10,10,0,0
3562,10,10,0,0
3561,10,10,0,0
3560,10,10,0,0
3559,10,10,0,0
3558,10,10,0,0
3557,10,10,0,0
3556,10,10,0,0
3555,10,10,0,0
3554,10,10,0,0
3553,10,10,0,0
3552,10,10,0,0
3551,10,10,0,0
3550,10,9,0,1
3549,10,9,0,1
3548,10,9,0,1
3547,10,9,0,1
3546,10,9,0,1
3545,10,9,0,1
3544,10,9,0,1
3543,10,10,0,0
3542,10,10,0,0
3541,10,10,0,0
3540,10,10,0,0
3539,10,9,0,1
3538,10,0,4,6
3537,10,1,3,6
3536,10,5,1,4
3535,10,0,4,6
3534,10,1,4,5
3533,10,1,4,5
3532,10,3,2,5
3531,10,4,2,4
3530,10,2,3,5
3529,10,0,4,6
3528,10,0,4,6
3527,10,2,3,5
3526,10,1,3,6
3525,10,1,3,6
3524,10,1,3,6
3523,10,0,3,7
3522,10,0,3,7
3521,10,6,0,4
3520,10,10,0,0
3519,10,10,0,0
3518,10,10,0,0
3517,10,10,0,0
3516,10,10,0,0
3470,10,10,0,0
3469,10,7,0,3
3468,10,10,0,0
3467,10,10,0,0
3466,10,10,0,0
3465,10,10,0,0
3464,10,10,0,0
3463,10,10,0,0
3462,10,10,0,0
3461,10,10,0,0
3460,10,9,0,1
3459,10,8,0,2
3458,10,10,0,0
3457,10,10,0,0
3456,10,7,0,3
3455,10,10,0,0
3454,10,10,0,0
3453,10,9,0,1
3452,10,10,0,0
3451,10,9,0,1
3450,10,10,0,0
3449,10,10,0,0
3448,10,10,0,0
3447,10,10,0,0
3446,10,10,0,0
3445,10,10,0,0
3444,10,10,0,0
3443,10,10,0,0
3442,10,10,0,0
3441,10,10,0,0
3440,10,10,0,0
3439,10,10,0,0
3438,10,10,0,0
3437,10,10,0,0
3436,10,9,0,1
3435,10,9,0,1
3434,10,9,0,1
3433,10,9,0,1
3432,10,9,0,1
3431,10,9,0,1
3430,10,9,0,1
3429,10,9,0,1
3428,10,10,0,0
3427,10,10,0,0
3426,10,10,0,0
3425,10,10,0,0
3424,10,4,2,4
3423,10,1,3,6
3422,10,4,2,4
3421,10,0,4,6
3420,10,0,4,6
3419,10,0,4,6
3418,10,2,2,6
3417,10,4,2,4
3416,10,2,3,5
3415,10,0,4,6
3414,10,0,4,6
3413,10,1,3,6
3412,10,1,3,6
3411,10,10,0,0
3410,10,10,0,0
3409,10,10,0,0
3408,10,10,0,0
3407,10,10,0,0
3406,10,10,0,0
3405,10,10,0,0
3404,10,10,0,0
3403,10,10,0,0
3357,10,10,0,0
3356,10,10,0,0
3355,10,10,0,0
3354,10,10,0,0
3353,10,10,0,0
3352,10,10,0,0
3351,10,10,0,0
3350,10,10,0,0
3349,10,10,0,0
3348,10,10,0,0
3347,10,8,0,2
3346,10,10,0,0
3345,10,10,0,0
3344,10,9,0,1
3343,10,9,0,1
3342,10,10,0,0
3341,10,10,0,0
3340,10,10,0,0
3339,10,8,0,2
3338,10,10,0,0
3337,10,10,0,0
3336,10,10,0,0
3335,10,10,0,0
3334,10,10,0,0
3333,10,10,0,0
3332,10,10,0,0
3331,10,10,0,0
3330,10,10,0,0
3329,10,10,0,0
3328,10,10,0,0
3327,10,10,0,0
3326,10,10,0,0
3325,10,10,0,0
3324,10,10,0,0
3323,10,9,0,1
3322,10,9,0,1
3321,10,9,0,1
3320,10,9,0,1
3319,10,9,0,1
3318,10,9,0,1
3317,10,9,0,1
3316,10,9,0,1
3315,10,9,0,1
3314,10,10,0,0
3313,10,10,0,0
3312,10,6,3,1
3311,10,3,2,5
3310,10,3,3,4
3309,10,1,4,5
3308,10,0,4,6
3307,10,1,3,6
3306,10,1,3,6
3305,10,2,2,6
3304,10,4,2,4
3303,10,0,5,5
3302,10,1,4,5
3301,10,1,4,5
3300,10,10,0,0
3299,10,10,0,0
3298,10,10,0,0
3297,10,10,0,0
3296,10,10,0,0
3295,10,10,0,0
3294,10,10,0,0
3293,10,10,0,0
3245,10,10,0,0
3244,10,10,0,0
3243,10,10,0,0
3242,10,10,0,0
3241,10,10,0,0
3240,10,10,0,0
3239,10,10,0,0
3238,10,10,0,0
3237,10,10,0,0
3236,10,10,0,0
3235,10,10,0,0
3234,10,10,0,0
3233,10,10,0,0
3232,10,10,0,0
3231,10,10,0,0
3230,10,8,0,2
3229,10,10,0,0
3228,10,9,0,1
3227,10,10,0,0
3226,10,10,0,0
3225,10,10,0,0
3224,10,10,0,0
3223,10,10,0,0
3222,10,10,0,0
3221,10,10,0,0
3220,10,10,0,0
3219,10,10,0,0
3218,10,10,0,0
3217,10,10,0,0
3216,10,10,0,0
3215,10,10,0,0
3214,10,10,0,0
3213,10,10,0,0
3212,10,10,0,0
3211,10,9,0,1
3210,10,9,0,1
3209,10,9,0,1
3208,10,9,0,1
3207,10,9,0,1
3206,10,9,0,1
3205,10,9,0,1
3204,10,9,0,1
3203,10,9,0,1
3202,10,10,0,0
3201,10,9,1,0
3200,10,2,3,5
3199,10,1,3,6
3198,10,2,3,5
3197,10,1,4,5
3196,10,1,3,6
3195,10,0,3,7
3194,10,0,3,7
3193,10,2,2,6
3192,10,4,2,4
3191,10,0,5,5
3190,10,0,5,5
3189,10,0,5,5
3188,10,10,0,0
3187,10,10,0,0
3186,10,10,0,0
3133,10,10,0,0
3132,10,10,0,0
3131,10,10,0,0
3130,10,10,0,0
3129,10,10,0,0
3128,10,10,0,0
3127,10,10,0,0
3126,10,10,0,0
3125,10,10,0,0
3124,10,10,0,0
3123,10,9,0,1
3122,10,10,0,0
3121,10,10,0,0
3120,10,10,0,0
3119,10,10,0,0
3118,10,10,0,0
3117,10,10,0,0
3116,10,10,0,0
3115,10,10,0,0
3114,10,10,0,0
3113,10,10,0,0
3112,10,10,0,0
3111,10,10,0,0
3110,10,10,0,0
3109,10,10,0,0
3108,10,10,0,0
3107,10,10,0,0
3106,10,10,0,0
3105,10,10,0,0
3104,10,10,0,0
3103,10,10,0,0
3102,10,10,0,0
3101,10,10,0,0
3100,10,10,0,0
3099,10,9,0,1
3098,10,9,0,1
3097,10,9,0,1
3096,10,9,0,1
3095,10,9,0,1
3094,10,9,0,1
3093,10,9,0,1
3092,10,9,0,1
3091,10,5,2,3
3090,10,5,2,3
3089,10,6,2,2
3088,10,2,2,6
3087,10,1,2,7
3086,10,2,2,6
3085,10,1,3,6
3084,10,1,3,6
3083,10,0,3,7
3082,10,0,3,7
3081,10,2,2,6
3080,10,4,2,4
3079,10,0,5,5
3078,10,0,5,5
3077,10,0,5,5
3076,10,10,0,0
3075,10,10,0,0
3021,10,10,0,0
3020,10,10,0,0
3019,10,10,0,0
3018,10,10,0,0
3017,10,10,0,0
3016,10,10,0,0
3015,10,10,0,0
3014,10,10,0,0
3013,10,10,0,0
3012,10,10,0,0
3011,10,9,0,1
3010,10,10,0,0
3009,10,10,0,0
3008,10,10,0,0
3007,10,9,1,0
3006,10,10,0,0
3005,10,10,0,0
3004,10,10,0,0
3003,10,10,0,0
3002,10,10,0,0
3001,10,10,0,0
3000,10,10,0,0
2999,10,10,0,0
2998,10,10,0,0
2997,10,10,0,0
2996,10,10,0,0
2995,10,10,0,0
2994,10,10,0,0
2993,10,10,0,0
2992,10,10,0,0
2991,10,10,0,0
2990,10,10,0,0
2989,10,10,0,0
2988,10,9,0,1
2987,10,9,0,1
2986,10,9,0,1
2985,10,9,0,1
2984,10,9,0,1
2983,10,9,0,1
2982,10,9,0,1
2981,10,9,0,1
2980,10,0,3,7
2979,10,0,3,7
2978,10,0,3,7
2977,10,1,2,7
2976,10,0,2,8
2975,10,0,2,8
2974,10,1,2,7
2973,10,1,2,7
2972,10,0,3,7
2971,10,0,3,7
2970,10,2,2,6
2969,10,4,2,4
2968,10,0,5,5
2967,10,0,5,5
2910,10,10,0,0
2909,10,10,0,0
2908,10,10,0,0
2907,10,10,0,0
2906,10,10,0,0
2905,10,10,0,0
2904,10,10,0,0
2903,10,10,0,0
2902,10,10,0,0
2901,10,10,0,0
2900,10,10,0,0
2899,10,10,0,0
2898,10,10,0,0
2897,10,10,0,0
2896,10,10,0,0
2895,10,10,0,0
2894,10,10,0,0
2893,10,10,0,0
2892,10,10,0,0
2891,10,10,0,0
2890,10,10,0,0
2889,10,10,0,0
2888,10,10,0,0
2887,10,10,0,0
2886,10,10,0,0
2885,10,10,0,0
2884,10,10,0,0
2883,10,10,0,0
2882,10,10,0,0
2881,10,10,0,0
2880,10,10,0,0
2879,10,10,0,0
2878,10,9,0,1
2877,10,9,0,1
2876,10,9,0,1
2875,10,9,0,1
2874,10,9,0,1
2873,10,9,0,1
2872,10,9,0,1
2871,10,9,0,1
2870,10,0,3,7
2869,10,0,3,7
2868,10,0,3,7
2867,10,0,3,7
2866,10,1,2,7
2865,10,0,2,8
2864,10,0,2,8
2863,10,1,2,7
2801,10,3,3,4
2800,10,3,3,4
2799,10,3,3,4
2798,10,10,0,0
2797,10,10,0,0
2796,10,10,0,0
2795,10,10,0,0
2794,10,10,0,0
2793,10,10,0,0
2792,10,10,0,0
2791,10,10,0,0
2790,10,10,0,0
2789,10,10,0,0
2788,10,10,0,0
2787,10,10,0,0
2786,10,10,0,0
2785,10,10,0,0
2784,10,10,0,0
2783,10,10,0,0
2782,10,10,0,0
2781,10,10,0,0
2780,10,10,0,0
2779,10,10,0,0
2778,10,10,0,0
2777,10,10,0,0
2776,10,10,0,0
2775,10,10,0,0
2774,10,10,0,0
2773,10,10,0,0
2772,10,10,0,0
2771,10,10,0,0
2770,10,9,0,1
2769,10,9,0,1
2768,10,9,0,1
2767,10,9,0,1
2766,10,9,0,1
2765,10,9,0,1
2764,10,9,0,1
2763,10,9,0,1
2762,10,0,3,7
2761,10,0,3,7
2760,10,0,3,7
2759,10,0,3,7
2758,10,0,3,7
2757,10,1,2,7
2756,10,0,2,8
2693,10,2,4,4
2692,10,3,3,4
2691,10,3,3,4
2690,10,10,0,0
2689,10,10,0,0
2688,10,10,0,0
2687,10,9,0,1
2686,10,10,0,0
2685,10,10,0,0
2684,10,10,0,0
2683,10,10,0,0
2682,10,10,0,0
2681,10,10,0,0
2680,10,10,0,0
2679,10,10,0,0
2678,10,10,0,0
2677,10,10,0,0
2676,10,10,0,0
2675,10,10,0,0
2674,10,10,0,0
2673,10,10,0,0
2672,10,10,0,0
2671,10,10,0,0
2670,10,10,0,0
2669,10,10,0,0
2668,10,10,0,0
2667,10,10,0,0
2666,10,10,0,0
2665,10,9,0,1
2664,10,9,0,1
2663,10,9,0,1
2662,10,9,0,1
2661,10,9,0,1
2660,10,9,0,1
2659,10,9,0,1
2658,10,0,3,7
2657,10,0,3,7
2656,10,0,3,7
2655,10,0,3,7
2654,10,0,3,7
2653,10,1,3,6
2652,10,2,2,6
2589,10,7,1,2
2588,10,7,1,2
2587,10,7,1,2
2586,10,10,0,0
2585,10,10,0,0
2584,10,10,0,0
2583,10,10,0,0
2582,10,10,0,0
2581,10,10,0,0
2580,10,10,0,0
2579,10,10,0,0
2578,10,10,0,0
2577,10,10,0,0
2576,10,10,0,0
2575,10,10,0,0
2574,10,10,0,0
2573,10,10,0,0
2572,10,10,0,0
2571,10,10,0,0
2570,10,10,0,0
2569,10,10,0,0
2568,10,10,0,0
2567,10,10,0,0
2566,10,10,0,0
2565,10,10,0,0
2564,10,9,0,1
2563,10,9,0,1
2562,10,9,0,1
2561,10,9,0,1
2560,10,9,0,1
2559,10,9,0,1
2558,10,9,0,1
2557,10,1,3,6
2556,10,1,3,6
2555,10,1,3,6
2554,10,1,3,6
2553,10,1,3,6
2552,10,1,4,5
2551,10,1,4,5
2488,10,10,0,0
2487,10,10,0,0
2486,10,10,0,0
2485,10,10,0,0
2484,10,10,0,0
2483,10,10,0,0
2482,10,10,0,0
2481,10,10,0,0
2480,10,10,0,0
2479,10,10,0,0
2478,10,10,0,0
2477,10,10,0,0
2476,10,10,0,0
2475,10,10,0,0
2474,10,10,0,0
2473,10,10,0,0
2472,10,10,0,0
2471,10,10,0,0
2470,10,10,0,0
2469,10,10,0,0
2468,10,10,0,0
2467,10,10,0,0
2466,10,10,0,0
2465,10,10,0,0
2464,10,10,0,0
2463,10,10,0,0
2462,10,10,0,0
2461,10,9,0,1
2460,10,9,0,1
2459,10,5,1,4
2458,10,3,2,5
2457,10,2,3,5
2456,10,2,3,5
2455,10,2,3,5
2454,10,0,5,5
2453,10,0,5,5
2391,10,10,0,0
2390,10,10,0,0
2389,10,10,0,0
2388,10,10,0,0
2387,10,10,0,0
2386,10,9,0,1
2385,10,10,0,0
2384,10,10,0,0
2383,10,10,0,0
2382,10,10,0,0
2381,10,10,0,0
2380,10,10,0,0
2379,10,10,0,0
2378,10,10,0,0
2377,10,10,0,0
2376,10,10,0,0
2375,10,10,0,0
2374,10,10,0,0
2373,10,10,0,0
2372,10,10,0,0
2371,10,10,0,0
2370,10,10,0,0
2369,10,10,0,0
2368,10,10,0,0
2367,10,10,0,0
2366,10,9,0,1
2365,10,9,0,1
2364,10,8,0,2
2363,10,6,1,3
2362,10,3,3,4
2361,10,2,3,5
2360,10,1,4,5
2359,10,0,5,5
2358,10,0,5,5
2297,10,10,0,0
2296,10,10,0,0
2295,10,10,0,0
2294,10,10,0,0
2293,10,10,0,0
2292,10,10,0,0
2291,10,10,0,0
2290,10,10,0,0
2289,10,10,0,0
2288,10,10,0,0
2287,10,10,0,0
2286,10,10,0,0
2285,10,10,0,0
2284,10,10,0,0
2283,10,10,0,0
2282,10,10,0,0
2281,10,10,0,0
2280,10,10,0,0
2279,10,10,0,0
2278,10,10,0,0
2277,10,10,0,0
2276,10,10,0,0
2275,10,10,0,0
2274,10,10,0,0
2273,10,9,0,1
2272,10,8,0,2
2271,10,7,0,3
2270,10,5,1,4
2269,10,3,3,4
2268,10,1,4,5
2267,10,0,5,5
2205,10,10,0,0
2204,10,10,0,0
2203,10,10,0,0
2202,10,10,0,0
2201,10,10,0,0
2200,10,10,0,0
2199,10,10,0,0
2198,10,10,0,0
2197,10,10,0,0
2196,10,10,0,0
2195,10,10,0,0
2194,10,10,0,0
2193,10,10,0,0
2192,10,10,0,0
2191,10,10,0,0
2190,10,10,0,0
2189,10,10,0,0
2188,10,10,0,0
2187,10,10,0,0
2186,10,10,0,0
2185,10,10,0,0
2184,10,10,0,0
2183,10,10,0,0
2182,10,10,0,0
2181,10,10,0,0
2180,10,10,0,0
2179,10,10,0,0
2178,10,10,0,0
2177,10,8,2,0
2176,10,8,2,0
2115,10,10,0,0
2114,10,10,0,0
2113,10,10,0,0
2112,10,10,0,0
2111,10,10,0,0
2110,10,10,0,0
2109,10,10,0,0
2108,10,10,0,0
2107,10,10,0,0
2106,10,10,0,0
2105,10,10,0,0
2104,10,10,0,0
2103,10,10,0,0
2102,10,10,0,0
2101,10,10,0,0
2100,10,10,0,0
2099,10,10,0,0
2098,10,10,0,0
2097,10,10,0,0
2096,10,10,0,0
2095,10,10,0,0
2094,10,10,0,0
2093,10,10,0,0
2092,10,10,0,0
2091,10,10,0,0
2090,10,10,0,0
2089,10,10,0,0
2088,10,10,0,0
2087,10,10,0,0
2025,10,10,0,0
2024,10,10,0,0
2023,10,10,0,0
2022,10,10,0,0
2021,10,10,0,0
2020,10,10,0,0
2019,10,10,0,0
2018,10,10,0,0
2017,10,10,0,0
2016,10,10,0,0
2015,10,10,0,0
2014,10,10,0,0
2013,10,10,0,0
2012,10,10,0,0
2011,10,10,0,0
2010,10,10,0,0
2009,10,10,0,0
2008,10,10,0,0
2007,10,10,0,0
2006,10,10,0,0
2005,10,10,0,0
2004,10,10,0,0
2003,10,10,0,0
2002,10,10,0,0
2001,10,10,0,0
2000,10,10,0,0
1999,10,10,0,0
1998,10,10,0,0
1997,10,10,0,0
1996,10,10,0,0
1995,10,10,0,0
1994,10,10,0,0
1993,10,9,0,1
1992,10,10,0,0
1938,10,10,0,0
1937,10,10,0,0
1936,10,10,0,0
1935,10,10,0,0
1934,10,10,0,0
1933,10,10,0,0
1932,10,10,0,0
1931,10,10,0,0
1930,10,10,0,0
1929,10,10,0,0
1928,10,10,0,0
1927,10,10,0,0
1926,10,10,0,0
1925,10,10,0,0
1924,10,10,0,0
1923,10,10,0,0
1922,10,10,0,0
1921,10,10,0,0
1920,10,10,0,0
1919,10,10,0,0
1918,10,10,0,0
1917,10,10,0,0
1916,10,10,0,0
1915,10,10,0,0
1914,10,9,0,1
1913,10,10,0,0
1912,10,10,0,0
1911,10,10,0,0
1910,10,10,0,0
1909,10,10,0,0
1908,10,10,0,0
1907,10,10,0,0
1906,10,10,0,0
1905,10,10,0,0
1904,10,10,0,0
1903,10,10,0,0
1855,10,10,0,0
1854,10,10,0,0
1853,10,10,0,0
1852,10,10,0,0
1851,10,10,0,0
1850,10,9,0,1
1849,10,10,0,0
1848,10,10,0,0
1847,10,10,0,0
1846,10,10,0,0
1845,10,10,0,0
1844,10,10,0,0
1843,10,10,0,0
1842,10,10,0,0
1841,10,10,0,0
1840,10,10,0,0
1839,10,10,0,0
1838,10,10,0,0
1837,10,10,0,0
1836,10,10,0,0
1835,10,10,0,0
1834,10,10,0,0
1833,10,10,0,0
1832,10,10,0,0
1831,10,10,0,0
1830,10,10,0,0
1829,10,10,0,0
1828,10,9,0,1
1827,10,7,1,2
1826,10,4,2,4
1825,10,2,4,4
1824,10,1,5,4
1823,10,2,5,3
1822,10,4,3,3
1821,10,10,0,0
1820,10,10,0,0
1819,10,10,0,0
1818,10,10,0,0
1817,10,1,2,7
1816,10,5,3,2
1770,10,10,0,0
1769,10,10,0,0
1768,10,10,0,0
1767,10,10,0,0
1766,10,10,0,0
1765,10,10,0,0
1764,10,10,0,0
1763,10,10,0,0
1762,10,10,0,0
1761,10,10,0,0
1760,10,10,0,0
1759,10,10,0,0
1758,10,10,0,0
1757,10,10,0,0
1756,10,10,0,0
1755,10,10,0,0
1754,10,10,0,0
1753,10,10,0,0
1752,10,10,0,0
1751,10,10,0,0
1750,10,10,0,0
1749,10,10,0,0
1748,10,10,0,0
1747,10,10,0,0
1746,10,10,0,0
1745,10,9,0,1
1744,10,7,1,2
1743,10,4,2,4
1742,10,2,4,4
1741,10,0,6,4
1740,10,1,6,3
1739,10,4,3,3
1738,10,10,0,0
1737,10,10,0,0
1736,10,10,0,0
1735,10,10,0,0
1734,10,10,0,0
1733,10,4,6,0
1732,10,2,8,0
1691,10,10,0,0
1690,10,10,0,0
1689,10,10,0,0
1688,10,10,0,0
1687,10,10,0,0
1686,10,10,0,0
1685,10,10,0,0
1684,10,10,0,0
1683,10,10,0,0
1682,10,9,0,1
1681,10,10,0,0
1680,10,10,0,0
1679,10,10,0,0
1678,10,10,0,0
1677,10,10,0,0
1676,10,10,0,0
1675,10,10,0,0
1674,10,10,0,0
1673,10,10,0,0
1672,10,10,0,0
1671,10,10,0,0
1670,10,10,0,0
1669,10,10,0,0
1668,10,10,0,0
1667,10,10,0,0
1666,10,10,0,0
1665,10,10,0,0
1664,10,10,0,0
1663,10,10,0,0
1662,10,9,1,0
1661,10,6,2,2
1660,10,5,3,2
1659,10,4,4,2
1658,10,4,4,2
1657,10,6,2,2
1656,10,10,0,0
1655,10,10,0,0
1654,10,10,0,0
1653,10,10,0,0
1652,10,10,0,0
1651,10,10,0,0
1650,10,10,0,0
1649,10,0,10,0
1610,10,9,1,0
1609,10,9,1,0
1608,10,10,0,0
1607,10,10,0,0
1606,10,10,0,0
1605,10,4,0,6
1604,10,10,0,0
1603,10,10,0,0
1602,10,10,0,0
1601,10,10,0,0
1600,10,9,0,1
1599,10,10,0,0
1598,10,10,0,0
1597,10,10,0,0
1596,10,10,0,0
1595,10,10,0,0
1594,10,10,0,0
1593,10,10,0,0
1592,10,10,0,0
1591,10,10,0,0
1590,10,10,0,0
1589,10,10,0,0
1588,10,10,0,0
1587,10,10,0,0
1586,10,10,0,0
1585,10,10,0,0
1584,10,10,0,0
1583,10,10,0,0
1582,10,10,0,0
1581,10,10,0,0
1580,10,8,1,1
1579,10,5,3,2
1578,10,5,3,2
1577,10,5,3,2
1576,10,6,2,2
1575,10,10,0,0
1574,10,10,0,0
1573,10,10,0,0
1572,10,10,0,0
1571,10,10,0,0
1570,10,10,0,0
1569,10,10,0,0
1568,10,10,0,0
1567,10,0,2,8
1529,10,10,0,0
1528,10,10,0,0
1527,10,10,0,0
1526,10,10,0,0
1525,10,10,0,0
1524,10,9,0,1
1523,10,10,0,0
1522,10,10,0,0
1521,10,10,0,0
1520,10,10,0,0
1519,10,10,0,0
1518,10,10,0,0
1517,10,10,0,0
1516,10,10,0,0
1515,10,10,0,0
1514,10,10,0,0
1513,10,10,0,0
1512,10,10,0,0
1511,10,10,0,0
1510,10,10,0,0
1509,10,10,0,0
1508,10,10,0,0
1507,10,10,0,0
1506,10,10,0,0
1505,10,10,0,0
1504,10,10,0,0
1503,10,10,0,0
1502,10,10,0,0
1501,10,10,0,0
1500,10,10,0,0
1499,10,10,0,0
1498,10,10,0,0
1497,10,9,1,0
1496,10,9,1,0
1495,10,8,1,1
1494,10,5,3,2
1493,10,10,0,0
1492,10,10,0,0
1491,10,10,0,0
1490,10,10,0,0
1489,10,10,0,0
1488,10,10,0,0
1487,10,0,2,8
1449,10,10,0,0
1448,10,10,0,0
1447,10,10,0,0
1446,10,10,0,0
1445,10,9,0,1
1444,10,10,0,0
1443,10,10,0,0
1442,10,9,0,1
1441,10,10,0,0
1440,10,10,0,0
1439,10,10,0,0
1438,10,9,0,1
1437,10,10,0,0
1436,10,10,0,0
1435,10,10,0,0
1434,10,10,0,0
1433,10,10,0,0
1432,10,10,0,0
1431,10,10,0,0
1430,10,10,0,0
1429,10,10,0,0
1428,10,10,0,0
1427,10,10,0,0
1426,10,10,0,0
1425,10,10,0,0
1424,10,10,0,0
1423,10,10,0,0
1422,10,10,0,0
1421,10,10,0,0
1420,10,10,0,0
1419,10,10,0,0
1418,10,9,1,0
1417,10,8,1,1
1416,10,5,3,2
1415,10,6,3,1
1414,10,6,3,1
1413,10,10,0,0
1412,10,10,0,0
1411,10,10,0,0
1410,10,10,0,0
1409,10,10,0,0
1408,10,0,9,1
1375,10,10,0,0
1374,10,10,0,0
1373,10,10,0,0
1372,10,9,1,0
1371,10,10,0,0
1370,10,9,0,1
1369,10,10,0,0
1368,10,10,0,0
1367,10,10,0,0
1366,10,8,0,2
1365,10,10,0,0
1364,10,9,0,1
1363,10,10,0,0
1362,10,10,0,0
1361,10,10,0,0
1360,10,10,0,0
1359,10,10,0,0
1358,10,10,0,0
1357,10,10,0,0
1356,10,10,0,0
1355,10,10,0,0
1354,10,10,0,0
1353,10,10,0,0
1352,10,10,0,0
1351,10,10,0,0
1350,10,10,0,0
1349,10,10,0,0
1348,10,10,0,0
1347,10,10,0,0
1346,10,10,0,0
1345,10,10,0,0
1344,10,10,0,0
1343,10,10,0,0
1342,10,10,0,0
1341,10,9,1,0
1340,10,8,1,1
1339,10,6,3,1
1338,10,6,3,1
1337,10,6,3,1
1336,10,6,2,2
1335,10,10,0,0
1334,10,10,0,0
1333,10,10,0,0
1332,10,10,0,0
1331,10,1,9,0
1314,10,5,5,0
1313,10,8,0,2
1312,10,10,0,0
1311,10,10,0,0
1298,10,10,0,0
1297,10,10,0,0
1296,10,10,0,0
1295,10,5,4,1
1294,10,9,0,1
1293,10,10,0,0
1292,10,10,0,0
1291,10,10,0,0
1290,10,10,0,0
1289,10,10,0,0
1288,10,10,0,0
1287,10,10,0,0
1286,10,10,0,0
1285,10,10,0,0
1284,10,10,0,0
1283,10,10,0,0
1282,10,10,0,0
1281,10,10,0,0
1280,10,10,0,0
1279,10,10,0,0
1278,10,10,0,0
1277,10,10,0,0
1276,10,10,0,0
1275,10,10,0,0
1274,10,10,0,0
1273,10,10,0,0
1272,10,10,0,0
1271,10,10,0,0
1270,10,10,0,0
1269,10,10,0,0
1268,10,10,0,0
1267,10,10,0,0
1266,10,9,0,1
1265,10,9,0,1
1264,10,7,1,2
1263,10,7,1,2
1262,10,7,1,2
1261,10,7,1,2
1260,10,6,1,3
1259,10,10,0,0
1258,10,10,0,0
1257,10,10,0,0
1256,10,10,0,0
1255,10,3,2,5
1239,10,5,5,0
1238,10,10,0,0
1237,10,10,0,0
1236,10,10,0,0
1235,10,2,4,4
1224,10,10,0,0
1223,10,10,0,0
1222,10,10,0,0
1221,10,6,3,1
1220,10,4,3,3
1219,10,7,2,1
1218,10,10,0,0
1217,10,10,0,0
1216,10,10,0,0
1215,10,10,0,0
1214,10,10,0,0
1213,10,10,0,0
1212,10,10,0,0
1211,10,10,0,0
1210,10,10,0,0
1209,10,10,0,0
1208,10,10,0,0
1207,10,10,0,0
1206,10,10,0,0
1205,10,10,0,0
1204,10,10,0,0
1203,10,10,0,0
1202,10,10,0,0
1201,10,10,0,0
1200,10,10,0,0
1199,10,10,0,0
1198,10,10,0,0
1197,10,10,0,0
1196,10,10,0,0
1195,10,10,0,0
1194,10,10,0,0
1193,10,9,0,1
1192,10,9,0,1
1191,10,8,0,2
1190,10,8,0,2
1189,10,8,0,2
1188,10,7,1,2
1187,10,7,1,2
1186,10,10,0,0
1185,10,10,0,0
1184,10,10,0,0
1183,10,5,2,3
1182,10,0,3,7
1167,10,4,2,4
1166,10,10,0,0
1165,10,10,0,0
1164,10,10,0,0
1163,10,10,0,0
1162,10,2,4,4
1161,10,0,5,5
1160,10,1,5,4
1159,10,1,5,4
1158,10,1,5,4
1157,10,0,6,4
1152,10,10,0,0
1151,10,8,0,2
1150,10,5,4,1
1149,10,6,2,2
1148,10,6,1,3
1147,10,4,3,3
1146,10,6,2,2
1145,10,10,0,0
1144,10,8,0,2
1143,10,10,0,0
1142,10,9,0,1
1141,10,9,0,1
1140,10,10,0,0
1139,10,10,0,0
1138,10,10,0,0
1137,10,10,0,0
1136,10,10,0,0
1135,10,10,0,0
1134,10,10,0,0
1133,10,10,0,0
1132,10,10,0,0
1131,10,10,0,0
1130,10,10,0,0
1129,10,10,0,0
1128,10,10,0,0
1127,10,10,0,0
1126,10,10,0,0
1125,10,10,0,0
1124,10,10,0,0
1123,10,10,0,0
1122,10,9,0,1
1121,10,9,0,1
1120,10,9,0,1
1119,10,8,0,2
1118,10,8,0,2
1117,10,8,0,2
1116,10,8,0,2
1115,10,8,0,2
1114,10,10,0,0
1113,10,10,0,0
1112,10,10,0,0
1111,10,10,0,0
1101,10,7,2,1
1100,10,5,2,3
1099,10,10,0,0
1098,10,9,0,1
1097,10,10,0,0
1095,10,5,2,3
1094,10,10,0,0
1093,10,10,0,0
1092,10,10,0,0
1091,10,1,4,5
1090,10,2,4,4
1089,10,0,5,5
1088,10,1,5,4
1087,10,1,5,4
1086,10,1,5,4
1085,10,0,6,4
1084,10,1,5,4
1081,10,10,0,0
1080,10,6,1,3
1079,10,6,1,3
1078,10,8,1,1
1077,10,5,4,1
1076,10,7,1,2
1075,10,6,1,3
1074,10,8,0,2
1073,10,10,0,0
1072,10,10,0,0
1071,10,10,0,0
1070,10,10,0,0
1069,10,10,0,0
1068,10,10,0,0
1067,10,10,0,0
1066,10,10,0,0
1065,10,10,0,0
1064,10,10,0,0
1063,10,10,0,0
1062,10,10,0,0
1061,10,10,0,0
1060,10,10,0,0
1059,10,10,0,0
1058,10,10,0,0
1057,10,10,0,0
1056,10,10,0,0
1055,10,10,0,0
1054,10,10,0,0
1053,10,10,0,0
1052,10,10,0,0
1051,10,8,0,2
1050,10,8,0,2
1049,10,8,0,2
1048,10,8,0,2
1047,10,8,0,2
1046,10,8,0,2
1045,10,7,0,3
1044,10,6,0,4
1043,10,7,0,3
1042,10,5,0,5
1041,10,5,0,5
1032,10,10,0,0
1031,10,10,0,0
1030,10,10,0,0
1029,10,10,0,0
1028,10,10,0,0
1027,10,10,0,0
1026,10,10,0,0
1025,10,10,0,0
1023,10,10,0,0
1022,10,10,0,0
1021,10,10,0,0
1020,10,0,5,5
1019,10,0,5,5
1018,10,2,4,4
1017,10,2,4,4
1016,10,1,4,5
1015,10,1,5,4
1014,10,1,5,4
1013,10,0,5,5
1012,10,10,0,0
1011,10,10,0,0
1010,10,9,0,1
1009,10,7,0,3
1008,10,5,0,5
1007,10,4,2,4
1006,10,6,2,2
1005,10,7,0,3
1004,10,8,1,1
1003,10,10,0,0
1002,10,10,0,0
1001,10,10,0,0
1000,10,10,0,0
999,10,10,0,0
998,10,10,0,0
997,10,10,0,0
996,10,10,0,0
995,10,10,0,0
994,10,10,0,0
993,10,10,0,0
992,10,10,0,0
991,10,10,0,0
990,10,10,0,0
989,10,10,0,0
988,10,10,0,0
987,10,10,0,0
986,10,10,0,0
985,10,10,0,0
984,10,10,0,0
983,10,10,0,0
982,10,6,1,3
981,10,4,1,5
980,10,4,1,5
979,10,3,1,6
978,10,3,1,6
977,10,2,1,7
976,10,2,1,7
975,10,5,0,5
974,10,5,0,5
973,10,5,0,5
972,10,5,0,5
971,10,3,2,5
966,10,10,0,0
965,10,10,0,0
964,10,10,0,0
963,10,2,2,6
962,10,10,0,0
961,10,10,0,0
960,10,10,0,0
959,10,10,0,0
958,10,10,0,0
957,10,10,0,0
956,10,5,0,5
955,10,1,2,7
954,10,0,5,5
953,10,0,5,5
952,10,0,5,5
951,10,0,5,5
950,10,0,5,5
949,10,1,4,5
948,10,2,3,5
947,10,1,4,5
946,10,2,4,4
945,10,1,4,5
944,10,5,3,2
943,10,6,0,4
942,10,6,0,4
941,10,8,1,1
940,10,3,2,5
939,10,5,0,5
938,10,5,1,4
937,10,8,0,2
936,10,8,0,2
935,10,9,0,1
934,10,10,0,0
933,10,10,0,0
932,10,10,0,0
931,10,10,0,0
930,10,10,0,0
929,10,10,0,0
928,10,10,0,0
927,10,10,0,0
926,10,10,0,0
925,10,10,0,0
924,10,10,0,0
923,10,10,0,0
922,10,10,0,0
921,10,10,0,0
920,10,10,0,0
919,10,10,0,0
918,10,10,0,0
917,10,10,0,0
916,10,10,0,0
915,10,8,1,1
914,10,3,2,5
913,10,2,2,6
912,10,1,2,7
911,10,1,2,7
910,10,1,1,8
909,10,0,1,9
908,10,0,1,9
907,10,5,0,5
906,10,3,2,5
905,10,3,2,5
904,10,3,2,5
903,10,3,2,5
902,10,4,1,5
901,10,0,3,7
900,10,0,3,7
899,10,4,1,5
898,10,10,0,0
897,10,10,0,0
896,10,10,0,0
895,10,7,2,1
894,10,7,2,1
893,10,7,2,1
892,10,7,2,1
891,10,3,2,5
890,10,10,0,0
889,10,6,1,3
888,10,6,1,3
887,10,3,3,4
886,10,2,4,4
885,10,0,5,5
884,10,0,5,5
883,10,0,5,5
882,10,2,4,4
881,10,2,3,5
880,10,0,4,6
879,10,2,3,5
878,10,1,3,6
877,10,5,3,2
876,10,6,1,3
875,10,5,0,5
874,10,6,0,4
873,10,4,2,4
872,10,5,1,4
871,10,6,0,4
870,10,6,0,4
869,10,7,0,3
868,10,10,0,0
867,10,10,0,0
866,10,10,0,0
865,10,10,0,0
864,10,10,0,0
863,10,10,0,0
862,10,10,0,0
861,10,10,0,0
860,10,10,0,0
859,10,10,0,0
858,10,10,0,0
857,10,10,0,0
856,10,10,0,0
855,10,10,0,0
854,10,10,0,0
853,10,10,0,0
852,10,10,0,0
851,10,10,0,0
850,10,10,0,0
849,10,10,0,0
848,10,8,1,1
847,10,1,3,6
846,10,0,3,7
845,10,0,3,7
844,10,1,2,7
843,10,1,1,8
842,10,0,1,9
841,10,0,1,9
840,10,5,0,5
839,10,3,2,5
838,10,3,2,5
837,10,3,2,5
836,10,3,2,5
835,10,4,1,5
834,10,3,1,6
833,10,4,0,6
832,10,7,0,3
831,10,2,5,3
830,10,2,5,3
829,10,3,5,2
828,10,2,6,2
827,10,4,5,1
826,10,5,3,2
825,10,6,3,1
824,10,2,3,5
823,10,2,3,5
822,10,2,3,5
821,10,3,3,4
820,10,3,4,3
819,10,1,5,4
818,10,1,5,4
817,10,0,5,5
816,10,1,5,4
815,10,2,4,4
814,10,2,3,5
813,10,3,2,5
812,10,0,4,6
811,10,6,1,3
810,10,6,1,3
809,10,7,1,2
808,10,4,0,6
807,10,4,0,6
806,10,3,1,6
805,10,7,0,3
804,10,4,0,6
803,10,4,0,6
802,10,9,0,1
801,10,10,0,0
800,10,10,0,0
799,10,10,0,0
798,10,10,0,0
797,10,10,0,0
796,10,10,0,0
795,10,10,0,0
794,10,10,0,0
793,10,10,0,0
792,10,10,0,0
791,10,10,0,0
790,10,10,0,0
789,10,10,0,0
788,10,10,0,0
787,10,10,0,0
786,10,10,0,0
785,10,10,0,0
784,10,10,0,0
783,10,7,3,0
782,10,7,2,1
781,10,1,3,6
780,10,0,3,7
779,10,0,3,7
778,10,1,2,7
777,10,2,1,7
776,10,1,1,8
775,10,1,1,8
774,10,4,1,5
773,10,1,4,5
772,10,0,5,5
771,10,0,5,5
770,10,1,4,5
769,10,3,1,6
768,10,2,1,7
767,10,4,0,6
766,10,4,1,5
765,10,0,5,5
764,10,0,5,5
763,10,0,5,5
762,10,2,5,3
761,10,6,3,1
760,10,9,1,0
759,10,9,1,0
758,10,3,2,5
757,10,1,3,6
756,10,0,3,7
755,10,2,3,5
754,10,3,4,3
753,10,1,5,4
752,10,2,4,4
751,10,0,5,5
750,10,3,4,3
749,10,2,3,5
748,10,1,2,7
747,10,1,2,7
746,10,4,1,5
745,10,4,3,3
744,10,8,1,1
743,10,4,1,5
742,10,5,0,5
741,10,5,1,4
740,10,7,2,1
739,10,7,1,2
738,10,5,0,5
737,10,9,0,1
736,10,7,0,3
735,10,10,0,0
734,10,10,0,0
733,10,10,0,0
732,10,10,0,0
731,10,10,0,0
730,10,10,0,0
729,10,10,0,0
728,10,10,0,0
727,10,10,0,0
726,10,10,0,0
725,10,10,0,0
724,10,7,2,1
723,10,6,3,1
722,10,9,1,0
721,10,10,0,0
720,10,10,0,0
719,10,9,1,0
718,10,9,1,0
717,10,0,4,6
716,10,1,3,6
715,10,0,3,7
714,10,2,1,7
713,10,2,1,7
712,10,1,1,8
711,10,2,1,7
710,10,3,2,5
709,10,1,4,5
708,10,0,5,5
707,10,0,5,5
706,10,1,4,5
705,10,3,1,6
704,10,2,1,7
703,10,3,0,7
702,10,4,1,5
701,10,0,5,5
700,10,0,5,5
699,10,0,5,5
698,10,2,5,3
697,10,7,2,1
696,10,10,0,0
695,10,10,0,0
694,10,3,2,5
693,10,2,3,5
692,10,1,3,6
691,10,2,4,4
690,10,2,4,4
689,10,1,4,5
688,10,0,5,5
687,10,4,4,2
686,10,1,6,3
685,10,1,5,4
684,10,2,3,5
683,10,4,0,6
682,10,7,0,3
681,10,8,1,1
680,10,7,1,2
679,10,8,1,1
678,10,6,2,2
677,10,7,1,2
676,10,7,0,3
675,10,7,0,3
674,10,6,0,4
673,10,10,0,0
672,10,10,0,0
671,10,10,0,0
670,10,10,0,0
669,10,10,0,0
668,10,10,0,0
667,10,10,0,0
666,10,10,0,0
665,10,10,0,0
664,10,10,0,0
663,10,6,3,1
662,10,4,5,1
661,10,9,1,0
660,10,10,0,0
659,10,9,1,0
658,10,9,1,0
657,10,10,0,0
656,10,1,3,6
655,10,0,3,7
654,10,1,2,7
653,10,1,1,8
652,10,1,1,8
651,10,1,1,8
650,10,2,1,7
649,10,3,2,5
648,10,1,4,5
647,10,0,5,5
646,10,1,4,5
645,10,0,4,6
644,10,4,0,6
643,10,4,0,6
642,10,2,1,7
641,10,4,1,5
640,10,0,5,5
639,10,0,5,5
638,10,0,5,5
637,10,9,0,1
636,10,10,0,0
635,10,10,0,0
634,10,9,1,0
633,10,10,0,0
632,10,9,0,1
631,10,7,1,2
630,10,6,2,2
629,10,3,4,3
628,10,1,4,5
627,10,2,4,4
626,10,3,4,3
625,10,0,6,4
624,10,0,6,4
623,10,7,1,2
622,10,6,1,3
621,10,5,1,4
620,10,8,1,1
619,10,7,0,3
618,10,6,0,4
617,10,7,1,2
616,10,7,1,2
615,10,9,0,1
614,10,10,0,0
613,10,10,0,0
612,10,10,0,0
611,10,10,0,0
610,10,10,0,0
609,10,10,0,0
608,10,10,0,0
607,10,10,0,0
606,10,10,0,0
605,10,10,0,0
604,10,6,3,1
603,10,5,4,1
602,10,7,3,0
601,10,10,0,0
600,10,8,1,1
599,10,8,1,1
598,10,3,2,5
597,10,2,2,6
596,10,1,2,7
595,10,1,1,8
594,10,0,1,9
593,10,0,1,9
592,10,0,1,9
591,10,2,1,7
590,10,4,1,5
589,10,3,2,5
588,10,3,2,5
587,10,4,1,5
586,10,3,1,6
585,10,2,0,8
584,10,1,1,8
583,10,0,1,9
582,10,3,1,6
581,10,1,4,5
580,10,0,5,5
579,10,10,0,0
578,10,10,0,0
577,10,10,0,0
576,10,10,0,0
575,10,10,0,0
574,10,10,0,0
573,10,10,0,0
572,10,10,0,0
571,10,10,0,0
570,10,10,0,0
569,10,10,0,0
568,10,10,0,0
567,10,5,5,0
566,10,0,6,4
565,10,5,3,2
564,10,7,1,2
563,10,8,1,1
562,10,10,0,0
561,10,10,0,0
560,10,10,0,0
559,10,10,0,0
558,10,10,0,0
557,10,10,0,0
556,10,10,0,0
555,10,10,0,0
554,10,10,0,0
553,10,10,0,0
552,10,10,0,0
551,10,10,0,0
550,10,10,0,0
549,10,10,0,0
548,10,10,0,0
547,10,10,0,0
546,10,6,3,1
545,10,4,4,2
544,10,3,5,2
543,10,4,4,2
542,10,0,5,5
541,10,0,5,5
540,10,2,3,5
539,10,0,3,7
538,10,1,2,7
537,10,2,1,7
536,10,1,1,8
535,10,1,1,8
534,10,1,1,8
533,10,2,1,7
532,10,5,0,5
531,10,5,1,4
530,10,4,1,5
529,10,3,1,6
528,10,1,1,8
527,10,2,0,8
526,10,1,1,8
525,10,0,1,9
524,10,3,1,6
523,10,4,1,5
522,10,4,1,5
521,10,10,0,0
520,10,10,0,0
519,10,10,0,0
518,10,10,0,0
517,10,10,0,0
516,10,10,0,0
515,10,10,0,0
514,10,10,0,0
513,10,10,0,0
512,10,10,0,0
511,10,10,0,0
510,10,8,2,0
509,10,10,0,0
508,10,10,0,0
507,10,10,0,0
506,10,10,0,0
505,10,10,0,0
504,10,10,0,0
503,10,10,0,0
502,10,10,0,0
501,10,10,0,0
500,10,10,0,0
499,10,10,0,0
498,10,10,0,0
497,10,10,0,0
496,10,10,0,0
495,10,10,0,0
494,10,10,0,0
493,10,10,0,0
492,10,10,0,0
491,10,10,0,0
490,10,7,2,1
489,10,5,3,2
488,10,5,3,2
487,10,4,4,2
486,10,0,5,5
485,10,0,5,5
484,10,3,2,5
483,10,1,2,7
482,10,1,2,7
481,10,0,2,8
480,10,0,2,8
479,10,1,1,8
478,10,1,1,8
477,10,5,0,5
476,10,6,0,4
475,10,5,1,4
474,10,4,1,5
473,10,3,1,6
472,10,1,1,8
471,10,2,0,8
470,10,2,0,8
469,10,3,0,7
468,10,6,0,4
467,10,8,0,2
466,10,9,0,1
465,10,10,0,0
464,10,10,0,0
463,10,10,0,0
462,10,10,0,0
461,10,10,0,0
460,10,10,0,0
459,10,10,0,0
458,10,10,0,0
457,10,10,0,0
456,10,10,0,0
455,10,10,0,0
454,10,10,0,0
453,10,10,0,0
452,10,10,0,0
451,10,10,0,0
450,10,10,0,0
449,10,10,0,0
448,10,10,0,0
447,10,10,0,0
446,10,10,0,0
445,10,10,0,0
444,10,10,0,0
443,10,10,0,0
442,10,10,0,0
441,10,10,0,0
440,10,10,0,0
439,10,10,0,0
438,10,10,0,0
437,10,10,0,0
436,10,9,1,0
435,10,8,1,1
434,10,7,1,2
433,10,7,1,2
432,10,3,2,5
431,10,3,2,5
430,10,0,2,8
429,10,0,2,8
428,10,2,1,7
427,10,0,2,8
426,10,0,2,8
425,10,2,1,7
424,10,2,1,7
423,10,7,0,3
422,10,7,0,3
421,10,7,0,3
420,10,7,0,3
419,10,7,0,3
418,10,7,0,3
417,10,8,0,2
416,10,8,0,2
415,10,9,0,1
414,10,10,0,0
413,10,10,0,0
412,10,10,0,0
411,10,10,0,0
410,10,10,0,0
409,10,10,0,0
408,10,10,0,0
407,10,10,0,0
406,10,10,0,0
405,10,10,0,0
404,10,10,0,0
403,10,10,0,0
402,10,10,0,0
401,10,10,0,0
400,10,10,0,0
399,10,10,0,0
398,10,10,0,0
397,10,10,0,0
396,10,10,0,0
395,10,10,0,0
394,10,10,0,0
393,10,10,0,0
392,10,10,0,0
391,10,10,0,0
390,10,10,0,0
389,10,10,0,0
388,10,10,0,0
387,10,10,0,0
386,10,10,0,0
385,10,10,0,0
384,10,10,0,0
383,10,10,0,0
382,10,9,0,1
381,10,9,0,1
380,10,9,0,1
379,10,4,1,5
378,10,3,1,6
377,10,1,1,8
376,10,1,1,8
375,10,0,1,9
374,10,1,1,8
373,10,1,1,8
372,10,5,0,5
371,10,6,0,4
370,10,7,0,3
369,10,7,0,3
368,10,8,0,2
367,10,9,0,1
366,10,9,0,1
365,10,9,0,1
364,10,10,0,0
363,10,10,0,0
362,10,10,0,0
361,10,10,0,0
360,10,10,0,0
359,10,10,0,0
358,10,10,0,0
357,10,10,0,0
356,10,10,0,0
355,10,10,0,0
354,10,10,0,0
353,10,10,0,0
352,10,10,0,0
351,10,10,0,0
350,10,10,0,0
349,10,10,0,0
348,10,10,0,0
347,10,10,0,0
346,10,10,0,0
345,10,10,0,0
344,10,10,0,0
343,10,10,0,0
342,10,10,0,0
341,10,10,0,0
340,10,10,0,0
339,10,10,0,0
338,10,10,0,0
337,10,10,0,0
336,10,10,0,0
335,10,10,0,0
334,10,10,0,0
333,10,10,0,0
332,10,10,0,0
331,10,9,0,1
330,10,9,0,1
329,10,9,0,1
328,10,6,0,4
327,10,4,1,5
326,10,1,1,8
325,10,1,1,8
324,10,0,1,9
323,10,1,1,8
322,10,3,0,7
321,10,7,0,3
320,10,7,0,3
319,10,9,0,1
318,10,9,0,1
317,10,9,0,1
316,10,10,0,0
315,10,10,0,0
314,10,10,0,0
313,10,10,0,0
312,10,10,0,0
311,10,10,0,0
310,10,10,0,0
309,10,10,0,0
308,10,10,0,0
307,10,10,0,0
306,10,10,0,0
305,10,10,0,0
304,10,10,0,0
303,10,10,0,0
302,10,10,0,0
301,10,10,0,0
300,10,10,0,0
299,10,10,0,0
298,10,10,0,0
297,10,10,0,0
296,10,10,0,0
295,10,10,0,0
294,10,10,0,0
293,10,10,0,0
292,10,10,0,0
291,10,10,0,0
290,10,10,0,0
289,10,10,0,0
288,10,10,0,0
287,10,10,0,0
286,10,10,0,0
285,10,10,0,0
284,10,10,0,0
283,10,10,0,0
282,10,9,0,1
281,10,9,0,1
280,10,9,0,1
279,10,9,0,1
278,10,8,0,2
277,10,8,0,2
276,10,8,0,2
275,10,8,0,2
274,10,8,0,2
273,10,8,0,2
272,10,8,0,2
271,10,8,0,2
270,10,9,0,1
269,10,10,0,0
268,10,10,0,0
267,10,10,0,0
266,10,10,0,0
265,10,10,0,0
264,10,10,0,0
263,10,10,0,0
262,10,10,0,0
261,10,10,0,0
260,10,10,0,0
259,10,10,0,0
258,10,10,0,0
257,10,10,0,0
256,10,10,0,0
255,10,10,0,0
254,10,10,0,0
253,10,10,0,0
252,10,10,0,0
251,10,10,0,0
250,10,10,0,0
249,10,10,0,0
248,10,10,0,0
247,10,10,0,0
246,10,10,0,0
245,10,10,0,0
244,10,10,0,0
243,10,10,0,0
242,10,10,0,0
241,10,10,0,0
240,10,10,0,0
239,10,10,0,0
238,10,10,0,0
237,10,10,0,0
236,10,10,0,0
235,10,9,0,1
234,10,9,0,1
233,10,9,0,1
232,10,9,0,1
231,10,8,0,2
230,10,8,0,2
229,10,8,0,2
228,10,8,0,2
227,10,8,0,2
226,10,8,0,2
225,10,9,0,1
224,10,9,0,1
223,10,10,0,0
222,10,10,0,0
221,10,10,0,0
220,10,10,0,0
219,10,10,0,0
218,10,10,0,0
217,10,10,0,0
216,10,10,0,0
215,10,10,0,0
214,10,10,0,0
213,10,10,0,0
212,10,10,0,0
211,10,10,0,0
210,10,10,0,0
209,10,10,0,0
208,10,10,0,0
207,10,10,0,0
206,10,10,0,0
205,10,10,0,0
204,10,10,0,0
203,10,10,0,0
202,10,10,0,0
201,10,10,0,0
200,10,10,0,0
199,10,10,0,0
198,10,10,0,0
197,10,10,0,0
196,10,10,0,0
195,10,10,0,0
194,10,10,0,0
193,10,10,0,0
192,10,10,0,0
191,10,10,0,0
190,10,9,0,1
189,10,9,0,1
188,10,9,0,1
187,10,9,0,1
186,10,8,0,2
185,10,8,0,2
184,10,8,0,2
183,10,8,0,2
182,10,8,0,2
181,10,9,0,1
180,10,9,0,1
179,10,9,0,1
178,10,10,0,0
177,10,10,0,0
176,10,10,0,0
175,10,10,0,0
174,10,10,0,0
173,10,10,0,0
172,10,10,0,0
171,10,10,0,0
170,10,10,0,0
169,10,10,0,0
168,10,10,0,0
167,10,10,0,0
166,10,10,0,0
165,10,10,0,0
164,10,10,0,0
163,10,10,0,0
162,10,10,0,0
161,10,10,0,0
160,10,10,0,0
159,10,10,0,0
158,10,10,0,0
157,10,10,0,0
156,10,10,0,0
155,10,10,0,0
154,10,10,0,0
153,10,10,0,0
152,10,10,0,0
151,10,10,0,0
150,10,10,0,0
149,10,10,0,0
148,10,10,0,0
147,10,9,0,1
146,10,9,0,1
145,10,9,0,1
144,10,9,0,1
143,10,8,0,2
142,10,8,0,2
141,10,8,0,2
140,10,8,0,2
139,10,8,0,2
138,10,9,0,1
137,10,9,0,1
136,10,9,0,1
135,10,10,0,0
134,10,10,0,0
133,10,10,0,0
132,10,10,0,0
131,10,10,0,0
130,10,10,0,0
129,10,10,0,0
128,10,10,0,0
127,10,10,0,0
126,10,10,0,0
125,10,10,0,0
124,10,10,0,0
123,10,10,0,0
122,10,10,0,0
121,10,10,0,0
120,10,10,0,0
119,10,10,0,0
118,10,10,0,0
117,10,10,0,0
116,10,10,0,0
115,10,10,0,0
114,10,10,0,0
113,10,10,0,0
112,10,10,0,0
111,10,10,0,0
110,10,10,0,0
109,10,10,0,0
108,10,10,0,0
107,10,10,0,0
106,10,9,0,1
105,10,9,0,1
104,10,9,0,1
103,10,9,0,1
102,10,8,0,2
101,10,8,0,2
100,10,8,0,2
99,10,8,0,2
98,10,8,0,2
97,10,9,0,1
96,10,9,0,1
95,10,9,0,1
94,10,10,0,0
93,10,10,0,0
92,10,10,0,0
91,10,10,0,0
90,10,10,0,0
89,10,10,0,0
88,10,10,0,0
87,10,10,0,0
86,10,10,0,0
85,10,10,0,0
84,10,10,0,0
83,10,10,0,0
82,10,10,0,0
81,10,10,0,0
80,10,10,0,0
79,10,10,0,0
78,10,10,0,0
77,10,10,0,0
76,10,10,0,0
75,10,10,0,0
74,10,10,0,0
73,10,10,0,0
72,10,9,0,1
71,10,9,0,1
70,10,8,0,2
69,10,8,0,2
68,10,8,0,2
67,10,8,0,2
66,10,8,0,2
65,10,9,0,1
64,10,9,0,1
63,10,10,0,0
62,10,10,0,0
61,10,10,0,0
60,10,10,0,0
59,10,10,0,0
58,10,10,0,0
57,10,10,0,0
56,10,10,0,0
55,10,10,0,0
54,10,10,0,0
53,10,10,0,0
52,10,10,0,0
51,10,10,0,0
50,10,10,0,0
49,10,10,0,0
48,10,10,0,0
47,10,10,0,0
46,10,10,0,0
45,10,10,0,0
44,10,10,0,0
43,10,10,0,0
42,10,8,0,2
41,10,9,0,1
40,10,9,0,1
39,10,10,0,0
38,10,10,0,0
37,10,10,0,0
36,10,10,0,0
35,10,10,0,0
34,10,10,0,0
33,10,10,0,0
32,10,10,0,0
31,10,10,0,0
30,10,10,0,0
29,10,10,0,0
28,10,10,0,0
27,10,10,0,0
26,10,10,0,0
25,10,10,0,0
24,10,10,0,0
23,10,10,0,0
22,10,10,0,0
21,10,10,0,0
20,10,10,0,0
19,10,10,0,0
18,10,10,0,0
17,10,10,0,0
16,10,10,0,0
15,10,10,0,0
14,10,10,0,0
13,10,10,0,0
12,10,10,0,0
11,10,10,0,0
10,10,10,0,0
9,10,10,0,0
8,10,10,0,0
7,10,10,0,0
6,10,10,0,0
5,10,10,0,0
4,10,10,0,0
3,10,10,0,0
2,10,10,0,0
1,10,10,0,0
