planning.unit,number,available,partial,reserved
5879,100,96,0,4
5878,100,97,0,3
5877,100,100,0,0
5876,100,99,0,1
5875,100,100,0,0
5874,100,100,0,0
5873,100,100,0,0
5872,100,99,0,1
5871,100,100,0,0
5870,100,100,0,0
5869,100,100,0,0
5868,100,100,0,0
5867,100,100,0,0
5866,100,100,0,0
5865,100,100,0,0
5864,100,100,0,0
5863,100,100,0,0
5862,100,93,0,7
5861,100,97,0,3
5860,100,90,2,8
5859,100,94,2,4
5858,100,92,0,8
5857,100,96,0,4
5856,100,97,0,3
5855,100,94,1,5
5854,100,95,1,4
5853,100,94,0,6
5852,100,94,0,6
5851,100,95,0,5
5850,100,95,0,5
5849,100,97,0,3
5848,100,99,1,0
5847,100,100,0,0
5846,100,100,0,0
5845,100,100,0,0
5844,100,100,0,0
5843,100,100,0,0
5842,100,100,0,0
5841,100,100,0,0
5840,100,96,0,4
5839,100,100,0,0
5838,100,93,0,7
5837,100,95,0,5
5836,100,88,2,10
5835,100,91,0,9
5834,100,92,1,7
5833,100,95,0,5
5832,100,93,0,7
5831,100,97,0,3
5830,100,90,0,10
5829,100,91,0,9
5828,100,92,0,8
5827,100,92,1,7
5826,100,93,0,7
5825,100,93,1,6
5824,100,93,0,7
5823,100,100,0,0
5822,100,100,0,0
5821,100,100,0,0
5820,100,100,0,0
5819,100,100,0,0
5818,100,100,0,0
5817,100,100,0,0
5816,100,100,0,0
5815,100,96,0,4
5814,100,93,1,6
5813,100,95,0,5
5812,100,94,1,5
5811,100,97,0,3
5810,100,92,0,8
5809,100,92,0,8
5808,100,92,8,0
5807,100,95,5,0
5806,100,90,8,2
5805,100,93,4,3
5804,100,93,5,2
5803,100,95,5,0
5802,100,96,4,0
5801,100,93,0,7
5800,100,85,3,12
5799,100,86,0,14
5798,100,93,0,7
5797,100,94,1,5
5796,100,100,0,0
5795,100,100,0,0
5794,100,100,0,0
5793,100,100,0,0
5792,100,100,0,0
5791,100,100,0,0
5790,100,100,0,0
5789,100,100,0,0
5788,100,97,0,3
5787,100,95,0,5
5786,100,96,0,4
5785,100,95,1,4
5784,100,94,1,5
5783,100,90,1,9
5782,100,91,0,9
5781,100,94,0,6
5780,100,85,1,14
5779,100,75,15,10
5778,100,79,13,8
5777,100,77,18,5
5776,100,73,18,9
5775,100,85,8,7
5774,100,74,22,4
5773,100,92,6,2
5772,100,89,5,6
5771,100,93,3,4
5770,100,91,0,9
5769,100,78,1,21
5768,100,86,3,11
5767,100,90,0,10
5766,100,100,0,0
5765,100,100,0,0
5764,100,100,0,0
5763,100,100,0,0
5762,100,100,0,0
5761,100,100,0,0
5760,100,100,0,0
5759,100,100,0,0
5758,100,99,0,1
5757,100,92,3,5
5756,100,94,0,6
5755,100,94,0,6
5754,100,93,1,6
5753,100,96,0,4
5752,100,96,0,4
5751,100,96,0,4
5750,100,92,0,8
5749,100,90,0,10
5748,100,85,2,13
5747,100,71,4,25
5746,100,68,19,13
5745,100,75,15,10
5744,100,73,17,10
5743,100,71,14,15
5742,100,72,11,17
5741,100,76,12,12
5740,100,73,8,19
5739,100,64,5,31
5738,100,64,5,31
5737,100,92,1,7
5736,100,84,1,15
5735,100,75,4,21
5734,100,80,1,19
5733,100,100,0,0
5732,100,100,0,0
5731,100,100,0,0
5730,100,100,0,0
5729,100,100,0,0
5728,100,100,0,0
5727,100,100,0,0
5726,100,100,0,0
5725,100,100,0,0
5724,100,100,0,0
5723,100,100,0,0
5722,100,98,0,2
5721,100,92,1,7
5720,100,93,0,7
5719,100,93,1,6
5718,100,90,0,10
5717,100,96,1,3
5716,100,94,1,5
5715,100,93,0,7
5714,100,91,1,8
5713,100,92,0,8
5712,100,97,3,0
5711,100,89,7,4
5710,100,74,13,13
5709,100,63,13,24
5708,100,76,14,10
5707,100,69,6,25
5706,100,66,7,27
5705,100,58,7,35
5704,100,58,8,34
5703,100,64,6,30
5702,100,79,3,18
5701,100,60,4,36
5700,100,70,4,26
5699,100,75,7,18
5698,100,83,3,14
5697,100,85,1,14
5696,100,70,2,28
5695,100,100,0,0
5694,100,100,0,0
5693,100,100,0,0
5692,100,100,0,0
5691,100,100,0,0
5690,100,100,0,0
5689,100,100,0,0
5688,100,100,0,0
5687,100,100,0,0
5686,100,100,0,0
5685,100,100,0,0
5684,100,100,0,0
5683,100,100,0,0
5682,100,100,0,0
5681,100,98,1,1
5680,100,96,0,4
5679,100,92,1,7
5678,100,91,0,9
5677,100,98,0,2
5676,100,96,0,4
5675,100,92,3,5
5674,100,93,1,6
5673,100,87,1,12
5672,100,89,2,9
5671,100,93,2,5
5670,100,91,0,9
5669,100,79,18,3
5668,100,82,9,9
5667,100,68,13,19
5666,100,48,20,32
5665,100,17,28,55
5664,100,35,18,47
5663,100,57,9,34
5662,100,61,11,28
5661,100,31,12,57
5660,100,59,6,35
5659,100,46,4,50
5658,100,70,3,27
5657,100,53,5,42
5656,100,78,7,15
5655,100,81,3,16
5654,100,87,0,13
5653,100,84,1,15
5652,100,98,1,1
5651,100,100,0,0
5650,100,100,0,0
5649,100,100,0,0
5648,100,100,0,0
5647,100,100,0,0
5646,100,100,0,0
5645,100,100,0,0
5644,100,100,0,0
5643,100,100,0,0
5642,100,100,0,0
5641,100,100,0,0
5640,100,100,0,0
5639,100,100,0,0
5638,100,100,0,0
5637,100,100,0,0
5636,100,100,0,0
5635,100,100,0,0
5634,100,92,1,7
5633,100,88,3,9
5632,100,90,0,10
5631,100,96,1,3
5630,100,96,0,4
5629,100,87,1,12
5628,100,94,0,6
5627,100,93,0,7
5626,100,93,1,6
5625,100,91,3,6
5624,100,90,0,10
5623,100,95,0,5
5622,100,88,1,11
5621,100,86,5,9
5620,100,44,18,38
5619,100,9,21,70
5618,100,82,3,15
5617,100,99,1,0
5616,100,92,1,7
5615,100,83,4,13
5614,100,46,9,45
5613,100,36,16,48
5612,100,47,15,38
5611,100,84,1,15
5610,100,96,0,4
5609,100,98,0,2
5608,100,56,17,27
5607,100,66,6,28
5606,100,79,1,20
5605,100,84,0,16
5604,100,99,0,1
5603,100,100,0,0
5602,100,100,0,0
5601,100,100,0,0
5600,100,100,0,0
5599,100,100,0,0
5598,100,100,0,0
5597,100,100,0,0
5596,100,100,0,0
5595,100,100,0,0
5594,100,100,0,0
5593,100,100,0,0
5592,100,100,0,0
5591,100,100,0,0
5590,100,100,0,0
5589,100,100,0,0
5588,100,100,0,0
5587,100,100,0,0
5586,100,100,0,0
5585,100,100,0,0
5584,100,100,0,0
5583,100,98,2,0
5582,100,96,1,3
5581,100,97,1,2
5580,100,92,0,8
5579,100,91,1,8
5578,100,92,1,7
5577,100,96,0,4
5576,100,94,1,5
5575,100,89,0,11
5574,100,89,0,11
5573,100,82,2,16
5572,100,80,1,19
5571,100,78,5,17
5570,100,70,6,24
5569,100,84,3,13
5568,100,62,5,33
5567,100,46,11,43
5566,100,93,0,7
5565,100,97,0,3
5564,100,98,0,2
5563,100,92,1,7
5562,100,98,0,2
5561,100,59,6,35
5560,100,51,14,35
5559,100,31,18,51
5558,100,89,0,11
5557,100,98,0,2
5556,100,90,3,7
5555,100,65,18,17
5554,100,67,8,25
5553,100,79,2,19
5552,100,86,1,13
5551,100,100,0,0
5550,100,100,0,0
5549,100,100,0,0
5548,100,100,0,0
5547,100,100,0,0
5546,100,100,0,0
5545,100,100,0,0
5544,100,100,0,0
5543,100,100,0,0
5542,100,100,0,0
5541,100,100,0,0
5540,100,100,0,0
5539,100,100,0,0
5538,100,100,0,0
5537,100,100,0,0
5536,100,100,0,0
5535,100,100,0,0
5534,100,100,0,0
5533,100,100,0,0
5532,100,100,0,0
5531,100,100,0,0
5530,100,100,0,0
5529,100,100,0,0
5528,100,100,0,0
5527,100,100,0,0
5526,100,100,0,0
5525,100,97,0,3
5524,100,94,0,6
5523,100,93,3,4
5522,100,92,0,8
5521,100,90,0,10
5520,100,95,0,5
5519,100,90,0,10
5518,100,94,0,6
5517,100,90,0,10
5516,100,84,0,16
5515,100,73,0,27
5514,100,82,1,17
5513,100,85,2,13
5512,100,82,2,16
5511,100,80,4,16
5510,100,80,3,17
5509,100,74,5,21
5508,100,61,4,35
5507,100,96,1,3
5506,100,100,0,0
5505,100,97,0,3
5502,100,94,0,6
5501,100,25,7,68
5500,100,61,4,35
5499,100,32,11,57
5498,100,34,10,56
5497,100,80,4,16
5496,100,64,14,22
5495,100,53,15,32
5494,100,73,15,12
5493,100,85,2,13
5492,100,85,0,15
5491,100,100,0,0
5490,100,100,0,0
5489,100,100,0,0
5488,100,100,0,0
5487,100,100,0,0
5486,100,100,0,0
5485,100,100,0,0
5484,100,100,0,0
5483,100,100,0,0
5482,100,100,0,0
5481,100,100,0,0
5480,100,100,0,0
5479,100,100,0,0
5478,100,100,0,0
5477,100,100,0,0
5476,100,99,1,0
5475,100,100,0,0
5474,100,100,0,0
5473,100,100,0,0
5472,100,100,0,0
5471,100,100,0,0
5470,100,100,0,0
5469,100,100,0,0
5468,100,100,0,0
5467,100,100,0,0
5466,100,100,0,0
5465,100,100,0,0
5464,100,100,0,0
5463,100,100,0,0
5462,100,100,0,0
5461,100,100,0,0
5460,100,100,0,0
5459,100,100,0,0
5458,100,100,0,0
5457,100,100,0,0
5456,100,100,0,0
5455,100,93,0,7
5454,100,90,0,10
5453,100,92,1,7
5452,100,95,0,5
5451,100,91,3,6
5450,100,94,2,4
5449,100,90,0,10
5448,100,86,0,14
5447,100,83,1,16
5446,100,83,1,16
5445,100,75,1,24
5444,100,68,6,26
5443,100,55,6,39
5442,100,59,5,36
5441,100,82,2,16
5440,100,64,8,28
5439,100,82,7,11
5438,100,100,0,0
5437,100,100,0,0
5430,100,59,6,35
5429,100,94,2,4
5428,100,32,15,53
5427,100,36,20,44
5426,100,50,19,31
5425,100,75,10,15
5424,100,70,2,28
5423,100,92,2,6
5422,100,100,0,0
5421,100,100,0,0
5420,100,100,0,0
5419,100,100,0,0
5418,100,100,0,0
5417,100,100,0,0
5416,100,100,0,0
5415,100,100,0,0
5414,100,100,0,0
5413,100,100,0,0
5412,100,100,0,0
5411,100,100,0,0
5410,100,99,0,1
5409,100,100,0,0
5408,100,98,2,0
5407,100,100,0,0
5406,100,100,0,0
5405,100,98,0,2
5404,100,100,0,0
5403,100,98,0,2
5402,100,100,0,0
5401,100,100,0,0
5400,100,100,0,0
5399,100,100,0,0
5398,100,100,0,0
5397,100,100,0,0
5396,100,100,0,0
5395,100,100,0,0
5394,100,100,0,0
5393,100,100,0,0
5392,100,100,0,0
5391,100,100,0,0
5390,100,100,0,0
5389,100,100,0,0
5388,100,100,0,0
5387,100,100,0,0
5386,100,100,0,0
5385,100,100,0,0
5384,100,100,0,0
5383,100,100,0,0
5382,100,100,0,0
5381,100,100,0,0
5380,100,100,0,0
5379,100,100,0,0
5378,100,100,0,0
5377,100,100,0,0
5376,100,95,0,5
5375,100,93,0,7
5374,100,96,0,4
5373,100,81,0,19
5372,100,88,0,12
5371,100,80,3,17
5370,100,80,4,16
5369,100,82,4,14
5368,100,60,7,33
5367,100,55,10,35
5366,100,39,17,44
5365,100,89,2,9
5364,100,100,0,0
5363,100,77,0,23
5362,100,85,0,15
5361,100,94,0,6
5360,100,100,0,0
5359,100,100,0,0
5350,100,51,10,39
5349,100,39,17,44
5348,100,46,16,38
5347,100,70,14,16
5346,100,89,5,6
5345,100,98,1,1
5344,100,100,0,0
5343,100,100,0,0
5342,100,100,0,0
5341,100,100,0,0
5340,100,100,0,0
5339,100,100,0,0
5338,100,100,0,0
5337,100,100,0,0
5336,100,100,0,0
5335,100,100,0,0
5334,100,100,0,0
5333,100,100,0,0
5332,100,100,0,0
5331,100,97,0,3
5330,100,98,0,2
5329,100,96,0,4
5328,100,98,0,2
5327,100,96,1,3
5326,100,86,12,2
5325,100,100,0,0
5324,100,100,0,0
5323,100,95,2,3
5322,100,100,0,0
5321,100,100,0,0
5320,100,100,0,0
5319,100,100,0,0
5318,100,100,0,0
5317,100,100,0,0
5316,100,100,0,0
5315,100,100,0,0
5314,100,100,0,0
5313,100,100,0,0
5312,100,100,0,0
5311,100,100,0,0
5310,100,100,0,0
5309,100,100,0,0
5308,100,100,0,0
5307,100,100,0,0
5306,100,100,0,0
5305,100,100,0,0
5304,100,100,0,0
5303,100,100,0,0
5302,100,100,0,0
5301,100,100,0,0
5300,100,100,0,0
5299,100,100,0,0
5298,100,100,0,0
5297,100,100,0,0
5296,100,100,0,0
5295,100,100,0,0
5294,100,100,0,0
5293,100,100,0,0
5292,100,100,0,0
5291,100,100,0,0
5290,100,100,0,0
5289,100,88,1,11
5288,100,86,2,12
5287,100,89,0,11
5286,100,86,0,14
5285,100,82,0,18
5284,100,74,3,23
5283,100,90,1,9
5282,100,52,7,41
5281,100,48,14,38
5280,100,64,8,28
5279,100,69,6,25
5278,100,95,0,5
5277,100,100,0,0
5276,100,100,0,0
5275,100,100,0,0
5274,100,100,0,0
5273,100,100,0,0
5263,100,45,11,44
5262,100,33,16,51
5261,100,50,18,32
5260,100,71,17,12
5259,100,77,15,8
5258,100,100,0,0
5257,100,100,0,0
5256,100,100,0,0
5255,100,100,0,0
5254,100,100,0,0
5253,100,100,0,0
5252,100,100,0,0
5251,100,100,0,0
5250,100,100,0,0
5249,100,100,0,0
5248,100,100,0,0
5247,100,100,0,0
5246,100,100,0,0
5245,100,100,0,0
5244,100,99,0,1
5243,100,94,0,6
5242,100,92,7,1
5241,100,86,9,5
5240,100,64,1,35
5239,100,83,0,17
5238,100,75,13,12
5237,100,86,2,12
5236,100,81,0,19
5235,100,78,2,20
5234,100,62,6,32
5233,100,83,1,16
5232,100,98,0,2
5231,100,100,0,0
5230,100,100,0,0
5229,100,100,0,0
5228,100,100,0,0
5227,100,100,0,0
5226,100,100,0,0
5225,100,100,0,0
5224,100,100,0,0
5223,100,100,0,0
5222,100,100,0,0
5221,100,100,0,0
5220,100,100,0,0
5219,100,100,0,0
5218,100,100,0,0
5217,100,100,0,0
5216,100,100,0,0
5215,100,100,0,0
5214,100,100,0,0
5213,100,100,0,0
5212,100,100,0,0
5211,100,100,0,0
5210,100,100,0,0
5209,100,100,0,0
5208,100,100,0,0
5207,100,100,0,0
5206,100,100,0,0
5205,100,100,0,0
5204,100,100,0,0
5203,100,100,0,0
5202,100,100,0,0
5201,100,100,0,0
5200,100,100,0,0
5199,100,100,0,0
5198,100,100,0,0
5197,100,100,0,0
5196,100,100,0,0
5195,100,100,0,0
5194,100,100,0,0
5193,100,100,0,0
5192,100,100,0,0
5191,100,92,0,8
5190,100,90,0,10
5189,100,77,0,23
5188,100,82,2,16
5187,100,76,6,18
5186,100,3,35,62
5185,100,41,15,44
5184,100,64,8,28
5183,100,81,2,17
5182,100,100,0,0
5179,100,100,0,0
5178,100,100,0,0
5167,100,100,0,0
5166,100,85,2,13
5165,100,75,3,22
5164,100,57,17,26
5163,100,72,13,15
5162,100,100,0,0
5161,100,100,0,0
5160,100,100,0,0
5159,100,100,0,0
5158,100,100,0,0
5157,100,100,0,0
5156,100,100,0,0
5155,100,100,0,0
5154,100,100,0,0
5153,100,100,0,0
5152,100,100,0,0
5151,100,100,0,0
5150,100,100,0,0
5149,100,100,0,0
5148,100,100,0,0
5147,100,97,0,3
5146,100,98,0,2
5145,100,91,4,5
5144,100,89,7,4
5143,100,72,8,20
5142,100,72,5,23
5141,100,66,4,30
5140,100,42,13,45
5139,100,66,10,24
5138,100,82,2,16
5137,100,76,5,19
5136,100,72,12,16
5135,100,84,9,7
5134,100,83,11,6
5133,100,99,0,1
5132,100,100,0,0
5131,100,100,0,0
5130,100,100,0,0
5129,100,100,0,0
5128,100,100,0,0
5127,100,100,0,0
5126,100,100,0,0
5125,100,100,0,0
5124,100,100,0,0
5123,100,100,0,0
5122,100,100,0,0
5121,100,100,0,0
5120,100,100,0,0
5119,100,100,0,0
5118,100,100,0,0
5117,100,100,0,0
5116,100,100,0,0
5115,100,100,0,0
5114,100,100,0,0
5113,100,100,0,0
5112,100,100,0,0
5111,100,100,0,0
5110,100,100,0,0
5109,100,100,0,0
5108,100,100,0,0
5107,100,100,0,0
5106,100,100,0,0
5105,100,100,0,0
5104,100,100,0,0
5103,100,100,0,0
5102,100,100,0,0
5101,100,100,0,0
5100,100,100,0,0
5099,100,100,0,0
5098,100,100,0,0
5097,100,100,0,0
5096,100,100,0,0
5095,100,100,0,0
5094,100,100,0,0
5093,100,83,0,17
5092,100,71,0,29
5091,100,85,1,14
5090,100,79,3,18
5089,100,13,33,54
5088,100,8,35,57
5087,100,4,35,61
5086,100,94,1,5
5073,100,82,1,17
5072,100,82,1,17
5071,100,90,1,9
5070,100,58,4,38
5069,100,88,2,10
5068,100,86,1,13
5067,100,84,1,15
5066,100,94,1,5
5065,100,92,0,8
5064,100,100,0,0
5063,100,100,0,0
5062,100,100,0,0
5061,100,100,0,0
5060,100,100,0,0
5059,100,100,0,0
5058,100,100,0,0
5057,100,100,0,0
5056,100,100,0,0
5055,100,100,0,0
5054,100,100,0,0
5053,100,100,0,0
5052,100,100,0,0
5051,100,100,0,0
5050,100,100,0,0
5049,100,100,0,0
5048,100,100,0,0
5047,100,100,0,0
5046,100,98,0,2
5045,100,29,33,38
5044,100,0,49,51
5043,100,23,34,43
5042,100,82,11,7
5041,100,79,0,21
5040,100,72,4,24
5039,100,66,5,29
5038,100,77,3,20
5037,100,80,4,16
5036,100,77,10,13
5035,100,85,12,3
5034,100,87,9,4
5033,100,95,0,5
5032,100,100,0,0
5031,100,100,0,0
5030,100,100,0,0
5029,100,100,0,0
5028,100,100,0,0
5027,100,100,0,0
5026,100,100,0,0
5025,100,100,0,0
5024,100,100,0,0
5023,100,100,0,0
5022,100,100,0,0
5021,100,100,0,0
5020,100,100,0,0
5019,100,100,0,0
5018,100,100,0,0
5017,100,100,0,0
5016,100,100,0,0
5015,100,100,0,0
5014,100,100,0,0
5013,100,100,0,0
5012,100,100,0,0
5011,100,100,0,0
5010,100,100,0,0
5009,100,100,0,0
5008,100,100,0,0
5007,100,100,0,0
5006,100,99,0,1
5005,100,100,0,0
5004,100,100,0,0
5003,100,100,0,0
5002,100,100,0,0
5001,100,100,0,0
5000,100,100,0,0
4999,100,100,0,0
4998,100,100,0,0
4997,100,100,0,0
4996,100,100,0,0
4995,100,100,0,0
4994,100,100,0,0
4993,100,100,0,0
4992,100,78,6,16
4991,100,41,21,38
4990,100,10,34,56
4989,100,12,33,55
4988,100,30,27,43
4987,100,93,3,4
4973,100,97,0,3
4972,100,98,0,2
4971,100,96,0,4
4970,100,55,7,38
4969,100,79,3,18
4968,100,89,1,10
4967,100,96,0,4
4966,100,95,0,5
4965,100,100,0,0
4964,100,100,0,0
4963,100,100,0,0
4962,100,100,0,0
4961,100,100,0,0
4960,100,100,0,0
4959,100,100,0,0
4958,100,100,0,0
4957,100,100,0,0
4956,100,100,0,0
4955,100,100,0,0
4954,100,100,0,0
4953,100,100,0,0
4952,100,100,0,0
4951,100,100,0,0
4950,100,100,0,0
4949,100,100,0,0
4948,100,100,0,0
4947,100,91,0,9
4946,100,43,14,43
4945,100,19,31,50
4944,100,9,42,49
4943,100,11,43,46
4942,100,7,44,49
4941,100,9,39,52
4940,100,94,1,5
4939,100,95,0,5
4938,100,91,2,7
4937,100,70,7,23
4936,100,77,6,17
4935,100,76,8,16
4934,100,82,13,5
4933,100,87,11,2
4932,100,99,0,1
4931,100,99,0,1
4930,100,100,0,0
4929,100,100,0,0
4928,100,100,0,0
4927,100,100,0,0
4926,100,100,0,0
4925,100,100,0,0
4924,100,100,0,0
4923,100,100,0,0
4922,100,100,0,0
4921,100,100,0,0
4920,100,98,0,2
4919,100,89,1,10
4918,100,91,1,8
4917,100,100,0,0
4916,100,100,0,0
4915,100,100,0,0
4914,100,100,0,0
4913,100,100,0,0
4912,100,100,0,0
4911,100,100,0,0
4910,100,100,0,0
4909,100,100,0,0
4908,100,100,0,0
4907,100,100,0,0
4906,100,100,0,0
4905,100,98,0,2
4904,100,100,0,0
4903,100,100,0,0
4902,100,100,0,0
4901,100,99,0,1
4900,100,100,0,0
4899,100,100,0,0
4898,100,100,0,0
4897,100,96,2,2
4896,100,100,0,0
4895,100,100,0,0
4894,100,100,0,0
4893,100,25,15,60
4892,100,17,16,67
4891,100,20,22,58
4890,100,4,36,60
4889,100,4,38,58
4888,100,8,35,57
4887,100,100,0,0
4886,100,100,0,0
4871,100,96,0,4
4870,100,95,0,5
4869,100,54,9,37
4868,100,48,9,43
4867,100,86,2,12
4866,100,77,1,22
4865,100,90,0,10
4864,100,100,0,0
4863,100,100,0,0
4862,100,100,0,0
4861,100,100,0,0
4860,100,100,0,0
4859,100,100,0,0
4858,100,100,0,0
4857,100,100,0,0
4856,100,100,0,0
4855,100,100,0,0
4854,100,100,0,0
4853,100,100,0,0
4852,100,100,0,0
4851,100,100,0,0
4850,100,100,0,0
4849,100,100,0,0
4848,100,100,0,0
4847,100,98,0,2
4846,100,100,0,0
4845,100,94,0,6
4844,100,29,12,59
4843,100,26,17,57
4842,100,18,29,53
4841,100,25,33,42
4840,100,9,40,51
4839,100,13,38,49
4838,100,3,39,58
4835,100,95,0,5
4834,100,79,2,19
4833,100,97,0,3
4832,100,100,0,0
4831,100,100,0,0
4830,100,71,3,26
4829,100,98,1,1
4828,100,95,1,4
4827,100,100,0,0
4826,100,100,0,0
4825,100,100,0,0
4824,100,99,1,0
4823,100,100,0,0
4822,100,100,0,0
4821,100,100,0,0
4820,100,100,0,0
4819,100,100,0,0
4818,100,98,0,2
4817,100,100,0,0
4816,100,77,2,21
4815,100,88,0,12
4814,100,100,0,0
4813,100,100,0,0
4812,100,99,0,1
4811,100,100,0,0
4810,100,100,0,0
4809,100,100,0,0
4808,100,100,0,0
4807,100,100,0,0
4806,100,100,0,0
4805,100,100,0,0
4804,100,100,0,0
4803,100,100,0,0
4802,100,100,0,0
4801,100,100,0,0
4800,100,95,2,3
4799,100,100,0,0
4798,100,71,18,11
4797,100,31,42,27
4796,100,20,43,37
4795,100,5,50,45
4794,100,15,44,41
4793,100,25,39,36
4792,100,29,31,40
4791,100,22,25,53
4790,100,4,29,67
4789,100,21,18,61
4788,100,24,25,51
4787,100,16,31,53
4786,100,12,32,56
4785,100,13,32,55
4784,100,100,0,0
4783,100,100,0,0
4770,100,96,1,3
4769,100,100,0,0
4768,100,85,1,14
4767,100,70,5,25
4766,100,65,8,27
4765,100,78,6,16
4764,100,71,5,24
4763,100,72,3,25
4762,100,100,0,0
4761,100,100,0,0
4760,100,100,0,0
4759,100,100,0,0
4758,100,100,0,0
4757,100,100,0,0
4756,100,100,0,0
4755,100,100,0,0
4754,100,100,0,0
4753,100,100,0,0
4752,100,100,0,0
4751,100,100,0,0
4750,100,100,0,0
4749,100,100,0,0
4748,100,100,0,0
4747,100,100,0,0
4746,100,100,0,0
4745,100,100,0,0
4744,100,100,0,0
4743,100,99,0,1
4742,100,100,0,0
4741,100,99,0,1
4740,100,4,15,81
4739,100,9,15,76
4738,100,13,21,66
4737,100,7,30,63
4736,100,19,26,55
4735,100,15,32,53
4734,100,4,39,57
4733,100,0,39,61
4727,100,99,0,1
4726,100,100,0,0
4725,100,100,0,0
4724,100,60,2,38
4723,100,84,3,13
4722,100,99,0,1
4721,100,100,0,0
4720,100,100,0,0
4719,100,100,0,0
4718,100,100,0,0
4717,100,100,0,0
4716,100,100,0,0
4715,100,98,0,2
4714,100,84,0,16
4713,100,80,2,18
4712,100,73,2,25
4711,100,75,4,21
4710,100,78,4,18
4709,100,81,2,17
4708,100,87,0,13
4707,100,85,0,15
4706,100,99,0,1
4705,100,100,0,0
4704,100,100,0,0
4703,100,100,0,0
4702,100,100,0,0
4701,100,100,0,0
4700,100,98,0,2
4699,100,100,0,0
4698,100,100,0,0
4697,100,78,1,21
4696,100,97,1,2
4695,100,96,2,2
4694,100,63,28,9
4693,100,23,52,25
4692,100,25,54,21
4691,100,22,48,30
4690,100,8,49,43
4689,100,8,47,45
4688,100,7,47,46
4687,100,17,37,46
4686,100,20,27,53
4685,100,10,29,61
4684,100,25,23,52
4683,100,8,37,55
4682,100,13,35,52
4681,100,6,36,58
4680,100,64,11,25
4679,100,100,0,0
4678,100,100,0,0
4666,100,100,0,0
4665,100,94,1,5
4664,100,94,0,6
4663,100,99,0,1
4662,100,99,0,1
4661,100,100,0,0
4660,100,91,1,8
4659,100,80,1,19
4658,100,95,0,5
4657,100,100,0,0
4656,100,100,0,0
4655,100,100,0,0
4654,100,100,0,0
4653,100,100,0,0
4652,100,100,0,0
4651,100,100,0,0
4650,100,100,0,0
4649,100,100,0,0
4648,100,100,0,0
4647,100,100,0,0
4646,100,100,0,0
4645,100,100,0,0
4644,100,100,0,0
4643,100,100,0,0
4642,100,100,0,0
4641,100,100,0,0
4640,100,100,0,0
4639,100,100,0,0
4638,100,100,0,0
4637,100,100,0,0
4636,100,100,0,0
4635,100,100,0,0
4634,100,6,15,79
4633,100,10,15,75
4632,100,9,22,69
4631,100,6,30,64
4630,100,10,26,64
4629,100,17,24,59
4628,100,27,22,51
4627,100,29,20,51
4620,100,100,0,0
4619,100,100,0,0
4618,100,94,2,4
4617,100,74,3,23
4616,100,99,1,0
4615,100,100,0,0
4614,100,100,0,0
4613,100,100,0,0
4612,100,99,1,0
4611,100,99,0,1
4610,100,99,0,1
4609,100,100,0,0
4608,100,87,1,12
4607,100,76,2,22
4606,100,87,2,11
4605,100,88,3,9
4604,100,81,3,16
4603,100,69,2,29
4602,100,84,0,16
4601,100,86,2,12
4600,100,89,0,11
4599,100,96,0,4
4598,100,100,0,0
4597,100,100,0,0
4596,100,100,0,0
4595,100,100,0,0
4594,100,100,0,0
4593,100,100,0,0
4592,100,100,0,0
4591,100,100,0,0
4590,100,100,0,0
4589,100,96,2,2
4588,100,0,56,44
4587,100,1,56,43
4586,100,85,7,8
4585,100,30,47,23
4584,100,12,52,36
4583,100,13,53,34
4582,100,16,44,40
4581,100,13,40,47
4580,100,14,34,52
4579,100,12,31,57
4578,100,15,30,55
4577,100,3,38,59
4576,100,27,28,45
4575,100,97,1,2
4574,100,99,0,1
4573,100,96,0,4
4572,100,89,2,9
4560,100,70,0,30
4559,100,99,0,1
4558,100,99,0,1
4557,100,92,0,8
4556,100,100,0,0
4555,100,100,0,0
4554,100,99,0,1
4553,100,99,0,1
4552,100,100,0,0
4551,100,100,0,0
4550,100,100,0,0
4549,100,100,0,0
4548,100,100,0,0
4547,100,100,0,0
4546,100,100,0,0
4545,100,100,0,0
4544,100,100,0,0
4543,100,100,0,0
4542,100,100,0,0
4541,100,100,0,0
4540,100,100,0,0
4539,100,100,0,0
4538,100,100,0,0
4537,100,100,0,0
4536,100,100,0,0
4535,100,100,0,0
4534,100,100,0,0
4533,100,100,0,0
4532,100,100,0,0
4531,100,100,0,0
4530,100,100,0,0
4529,100,100,0,0
4528,100,68,2,30
4527,100,23,8,69
4526,100,17,13,70
4525,100,12,20,68
4524,100,6,28,66
4523,100,11,26,63
4522,100,17,21,62
4521,100,22,14,64
4520,100,22,14,64
4513,100,100,0,0
4512,100,100,0,0
4511,100,10,32,58
4510,100,6,34,60
4509,100,1,39,60
4508,100,8,34,58
4507,100,22,23,55
4506,100,2,31,67
4505,100,6,29,65
4504,100,65,7,28
4503,100,84,4,12
4502,100,22,28,50
4501,100,13,28,59
4500,100,37,24,39
4499,100,54,20,26
4498,100,47,23,30
4497,100,54,15,31
4496,100,80,3,17
4495,100,78,3,19
4494,100,75,7,18
4493,100,90,1,9
4492,100,100,0,0
4491,100,90,10,0
4490,100,100,0,0
4489,100,100,0,0
4488,100,100,0,0
4487,100,100,0,0
4486,100,100,0,0
4485,100,100,0,0
4484,100,100,0,0
4483,100,100,0,0
4481,100,0,56,44
4480,100,99,0,1
4479,100,100,0,0
4478,100,100,0,0
4477,100,100,0,0
4476,100,99,0,1
4475,100,96,3,1
4474,100,77,9,14
4473,100,9,31,60
4472,100,2,32,66
4471,100,85,6,9
4470,100,98,1,1
4469,100,100,0,0
4468,100,92,0,8
4467,100,100,0,0
4459,100,100,0,0
4458,100,99,0,1
4457,100,100,0,0
4456,100,97,0,3
4455,100,100,0,0
4454,100,9,28,63
4453,100,7,28,65
4452,100,13,27,60
4451,100,96,0,4
4450,100,93,0,7
4449,100,99,0,1
4448,100,100,0,0
4447,100,100,0,0
4446,100,100,0,0
4445,100,100,0,0
4444,100,100,0,0
4443,100,100,0,0
4442,100,100,0,0
4441,100,100,0,0
4440,100,100,0,0
4439,100,100,0,0
4438,100,100,0,0
4437,100,100,0,0
4436,100,100,0,0
4435,100,100,0,0
4434,100,100,0,0
4433,100,100,0,0
4432,100,100,0,0
4431,100,100,0,0
4430,100,100,0,0
4429,100,100,0,0
4428,100,99,0,1
4427,100,100,0,0
4426,100,100,0,0
4425,100,100,0,0
4424,100,100,0,0
4423,100,100,0,0
4422,100,100,0,0
4421,100,98,1,1
4420,100,14,10,76
4419,100,9,13,78
4418,100,20,10,70
4417,100,18,15,67
4416,100,24,18,58
4415,100,15,22,63
4414,100,18,16,66
4413,100,0,20,80
4405,100,98,0,2
4404,100,100,0,0
4403,100,1,36,63
4402,100,3,36,61
4401,100,5,36,59
4400,100,12,31,57
4399,100,15,26,59
4398,100,4,30,66
4397,100,12,24,64
4396,100,11,20,69
4395,100,7,23,70
4394,100,11,28,61
4393,100,12,32,56
4392,100,6,37,57
4391,100,8,38,54
4390,100,4,41,55
4389,100,17,34,49
4388,100,71,7,22
4387,100,68,2,30
4386,100,83,8,9
4385,100,74,19,7
4384,100,98,2,0
4383,100,100,0,0
4382,100,100,0,0
4381,100,100,0,0
4377,100,100,0,0
4376,100,98,0,2
4371,100,100,0,0
4370,100,100,0,0
4369,100,100,0,0
4368,100,100,0,0
4367,100,100,0,0
4366,100,100,0,0
4365,100,100,0,0
4364,100,100,0,0
4363,100,100,0,0
4362,100,100,0,0
4361,100,100,0,0
4358,100,100,0,0
4357,100,59,0,41
4356,100,95,0,5
4355,100,95,0,5
4352,100,99,0,1
4351,100,100,0,0
4350,100,100,0,0
4349,100,100,0,0
4348,100,100,0,0
4347,100,94,1,5
4346,100,9,26,65
4345,100,11,27,62
4344,100,15,26,59
4343,100,89,4,7
4342,100,100,0,0
4341,100,99,0,1
4340,100,98,0,2
4339,100,99,0,1
4338,100,100,0,0
4337,100,100,0,0
4336,100,100,0,0
4335,100,100,0,0
4334,100,100,0,0
4333,100,100,0,0
4332,100,100,0,0
4331,100,100,0,0
4330,100,100,0,0
4329,100,100,0,0
4328,100,100,0,0
4327,100,100,0,0
4326,100,100,0,0
4325,100,100,0,0
4324,100,100,0,0
4323,100,98,0,2
4322,100,99,0,1
4321,100,100,0,0
4320,100,99,0,1
4319,100,100,0,0
4318,100,100,0,0
4317,100,100,0,0
4316,100,100,0,0
4315,100,100,0,0
4314,100,100,0,0
4313,100,100,0,0
4312,100,45,9,46
4311,100,10,13,77
4310,100,12,12,76
4309,100,13,14,73
4308,100,12,22,66
4307,100,1,30,69
4306,100,6,27,67
4305,100,14,20,66
4304,100,5,18,77
4296,100,99,0,1
4295,100,100,0,0
4294,100,76,4,20
4293,100,13,30,57
4292,100,7,34,59
4291,100,10,30,60
4290,100,12,25,63
4289,100,5,29,66
4288,100,10,25,65
4287,100,8,21,71
4286,100,16,18,66
4285,100,11,24,65
4284,100,22,20,58
4283,100,25,18,57
4282,100,21,22,57
4281,100,18,25,57
4280,100,96,1,3
4279,100,99,0,1
4278,100,100,0,0
4277,100,100,0,0
4276,100,100,0,0
4275,100,100,0,0
4274,100,100,0,0
4273,100,100,0,0
4256,100,100,0,0
4255,100,100,0,0
4254,100,100,0,0
4252,100,100,0,0
4251,100,99,1,0
4250,100,100,0,0
4249,100,100,0,0
4248,100,100,0,0
4247,100,100,0,0
4246,100,39,0,61
4245,100,100,0,0
4244,100,100,0,0
4243,100,100,0,0
4242,100,100,0,0
4241,100,100,0,0
4240,100,100,0,0
4239,100,100,0,0
4238,100,100,0,0
4237,100,28,17,55
4236,100,63,8,29
4235,100,99,0,1
4234,100,100,0,0
4233,100,100,0,0
4232,100,100,0,0
4231,100,100,0,0
4230,100,99,0,1
4229,100,100,0,0
4228,100,100,0,0
4227,100,100,0,0
4226,100,100,0,0
4225,100,100,0,0
4224,100,100,0,0
4223,100,100,0,0
4222,100,100,0,0
4221,100,100,0,0
4220,100,100,0,0
4219,100,100,0,0
4218,100,100,0,0
4217,100,100,0,0
4216,100,100,0,0
4215,100,100,0,0
4214,100,100,0,0
4213,100,100,0,0
4212,100,99,0,1
4211,100,100,0,0
4210,100,100,0,0
4209,100,98,0,2
4208,100,100,0,0
4207,100,96,0,4
4206,100,100,0,0
4205,100,100,0,0
4204,100,97,0,3
4203,100,89,2,9
4202,100,8,16,76
4201,100,1,21,78
4200,100,5,18,77
4199,100,18,12,70
4198,100,12,22,66
4197,100,1,30,69
4196,100,0,30,70
4195,100,0,30,70
4186,100,100,0,0
4185,100,100,0,0
4184,100,100,0,0
4183,100,20,26,54
4182,100,5,34,61
4181,100,7,29,64
4180,100,8,27,65
4179,100,7,27,66
4178,100,9,24,67
4177,100,8,21,71
4176,100,7,21,72
4175,100,9,22,69
4174,100,8,20,72
4173,100,12,15,73
4172,100,18,14,68
4171,100,19,14,67
4170,100,24,11,65
4169,100,98,0,2
4168,100,100,0,0
4167,100,100,0,0
4166,100,100,0,0
4165,100,100,0,0
4164,100,45,17,38
4143,100,98,0,2
4142,100,100,0,0
4141,100,100,0,0
4140,100,100,0,0
4139,100,100,0,0
4138,100,100,0,0
4137,100,100,0,0
4136,100,100,0,0
4135,100,74,4,22
4134,100,100,0,0
4133,100,100,0,0
4132,100,100,0,0
4131,100,100,0,0
4130,100,100,0,0
4129,100,95,0,5
4128,100,50,2,48
4127,100,97,1,2
4126,100,100,0,0
4125,100,97,0,3
4124,100,100,0,0
4123,100,100,0,0
4122,100,100,0,0
4121,100,99,0,1
4120,100,100,0,0
4119,100,100,0,0
4118,100,100,0,0
4117,100,100,0,0
4116,100,100,0,0
4115,100,100,0,0
4114,100,100,0,0
4113,100,100,0,0
4112,100,100,0,0
4111,100,100,0,0
4110,100,100,0,0
4109,100,100,0,0
4108,100,100,0,0
4107,100,100,0,0
4106,100,100,0,0
4105,100,100,0,0
4104,100,100,0,0
4103,100,100,0,0
4102,100,76,3,21
4101,100,99,0,1
4100,100,100,0,0
4099,100,100,0,0
4098,100,99,0,1
4097,100,100,0,0
4096,100,99,0,1
4095,100,100,0,0
4094,100,9,16,75
4093,100,8,18,74
4092,100,11,15,74
4091,100,6,16,78
4090,100,7,16,77
4089,100,4,18,78
4088,100,21,11,68
4087,100,22,17,61
4086,100,20,17,63
4085,100,100,0,0
4084,100,100,0,0
4083,100,100,0,0
4074,100,100,0,0
4073,100,100,0,0
4072,100,100,0,0
4071,100,13,28,59
4070,100,7,28,65
4069,100,7,27,66
4068,100,8,25,67
4067,100,11,22,67
4066,100,2,25,73
4065,100,12,20,68
4064,100,4,23,73
4063,100,8,19,73
4062,100,11,13,76
4061,100,14,11,75
4060,100,9,12,79
4059,100,7,12,81
4058,100,86,0,14
4057,100,100,0,0
4056,100,100,0,0
4055,100,100,0,0
4054,100,100,0,0
4053,100,12,18,70
4033,100,100,0,0
4032,100,100,0,0
4031,100,100,0,0
4030,100,100,0,0
4029,100,100,0,0
4028,100,100,0,0
4027,100,100,0,0
4026,100,100,0,0
4025,100,56,9,35
4024,100,94,6,0
4023,100,100,0,0
4022,100,100,0,0
4021,100,100,0,0
4020,100,100,0,0
4019,100,100,0,0
4018,100,100,0,0
4017,100,100,0,0
4016,100,100,0,0
4015,100,99,0,1
4014,100,100,0,0
4013,100,100,0,0
4012,100,98,0,2
4011,100,100,0,0
4010,100,100,0,0
4009,100,100,0,0
4008,100,100,0,0
4007,100,100,0,0
4006,100,100,0,0
4005,100,100,0,0
4004,100,100,0,0
4003,100,100,0,0
4002,100,100,0,0
4001,100,96,2,2
4000,100,100,0,0
3999,100,100,0,0
3998,100,100,0,0
3997,100,100,0,0
3996,100,100,0,0
3995,100,100,0,0
3994,100,100,0,0
3993,100,100,0,0
3992,100,99,1,0
3991,100,71,3,26
3990,100,65,5,30
3989,100,66,4,30
3988,100,100,0,0
3987,100,100,0,0
3986,100,100,0,0
3985,100,98,0,2
3984,100,49,9,42
3983,100,34,12,54
3982,100,3,20,77
3981,100,2,22,76
3980,100,1,22,77
3979,100,16,14,70
3978,100,20,11,69
3977,100,28,8,64
3976,100,41,4,55
3975,100,50,4,46
3974,100,55,3,42
3973,100,100,0,0
3972,100,100,0,0
3971,100,100,0,0
3961,100,100,0,0
3960,100,100,0,0
3959,100,100,0,0
3958,100,100,0,0
3957,100,44,12,44
3956,100,44,12,44
3955,100,48,11,41
3954,100,100,0,0
3953,100,7,23,70
3952,100,3,23,74
3951,100,5,18,77
3950,100,7,14,79
3949,100,13,11,76
3948,100,6,14,80
3947,100,3,14,83
3946,100,77,0,23
3945,100,100,0,0
3944,100,100,0,0
3943,100,100,0,0
3942,100,100,0,0
3922,100,100,0,0
3921,100,100,0,0
3920,100,100,0,0
3919,100,100,0,0
3918,100,100,0,0
3917,100,100,0,0
3916,100,100,0,0
3915,100,100,0,0
3914,100,100,0,0
3913,100,95,3,2
3912,100,100,0,0
3911,100,100,0,0
3910,100,100,0,0
3909,100,100,0,0
3908,100,100,0,0
3907,100,100,0,0
3906,100,99,0,1
3905,100,100,0,0
3904,100,97,0,3
3903,100,96,0,4
3902,100,97,0,3
3901,100,97,0,3
3900,100,96,0,4
3899,100,97,0,3
3898,100,100,0,0
3897,100,100,0,0
3896,100,100,0,0
3895,100,100,0,0
3894,100,100,0,0
3893,100,100,0,0
3892,100,100,0,0
3891,100,100,0,0
3890,100,97,1,2
3889,100,96,2,2
3888,100,96,2,2
3887,100,100,0,0
3886,100,100,0,0
3885,100,100,0,0
3884,100,100,0,0
3883,100,100,0,0
3882,100,100,0,0
3881,100,100,0,0
3880,100,100,0,0
3879,100,16,25,59
3878,100,15,27,58
3877,100,12,27,61
3876,100,17,22,61
3875,100,100,0,0
3874,100,100,0,0
3873,100,100,0,0
3872,100,56,7,37
3871,100,38,9,53
3870,100,31,12,57
3869,100,9,17,74
3868,100,5,20,75
3867,100,5,21,74
3866,100,3,23,74
3865,100,5,21,74
3864,100,27,8,65
3863,100,45,4,51
3862,100,54,4,42
3861,100,67,2,31
3860,100,100,0,0
3859,100,100,0,0
3858,100,100,0,0
3847,100,100,0,0
3846,100,100,0,0
3845,100,100,0,0
3844,100,46,11,43
3843,100,46,11,43
3842,100,100,0,0
3841,100,100,0,0
3840,100,96,0,4
3839,100,12,16,72
3838,100,8,16,76
3837,100,9,12,79
3836,100,14,10,76
3835,100,13,10,77
3834,100,18,8,74
3833,100,100,0,0
3832,100,100,0,0
3831,100,100,0,0
3809,100,100,0,0
3808,100,100,0,0
3807,100,100,0,0
3806,100,100,0,0
3805,100,100,0,0
3804,100,100,0,0
3803,100,100,0,0
3802,100,100,0,0
3801,100,95,0,5
3800,100,89,1,10
3799,100,100,0,0
3798,100,100,0,0
3797,100,95,0,5
3796,100,100,0,0
3795,100,100,0,0
3794,100,100,0,0
3793,100,100,0,0
3792,100,98,0,2
3791,100,96,0,4
3790,100,97,0,3
3789,100,100,0,0
3788,100,75,2,23
3787,100,76,3,21
3786,100,97,1,2
3785,100,100,0,0
3784,100,100,0,0
3783,100,100,0,0
3782,100,100,0,0
3781,100,100,0,0
3780,100,100,0,0
3779,100,100,0,0
3778,100,97,1,2
3777,100,97,1,2
3776,100,97,1,2
3775,100,96,2,2
3774,100,96,2,2
3773,100,99,0,1
3772,100,100,0,0
3771,100,100,0,0
3770,100,100,0,0
3769,100,100,0,0
3768,100,100,0,0
3767,100,100,0,0
3766,100,89,3,8
3765,100,4,28,68
3764,100,6,29,65
3763,100,9,28,63
3762,100,8,25,67
3761,100,100,0,0
3760,100,69,3,28
3759,100,61,4,35
3758,100,42,8,50
3757,100,27,13,60
3756,100,21,16,63
3755,100,8,20,72
3754,100,6,19,75
3753,100,6,21,73
3752,100,3,23,74
3751,100,2,23,75
3750,100,27,8,65
3749,100,51,4,45
3748,100,68,1,31
3747,100,87,0,13
3746,100,100,0,0
3745,100,100,0,0
3744,100,100,0,0
3727,100,100,0,0
3726,100,100,0,0
3725,100,100,0,0
3724,100,100,0,0
3723,100,100,0,0
3722,100,100,0,0
3721,100,100,0,0
3720,100,100,0,0
3719,100,100,0,0
3718,100,100,0,0
3717,100,100,0,0
3695,100,100,0,0
3694,100,100,0,0
3693,100,100,0,0
3692,100,100,0,0
3691,100,100,0,0
3690,100,100,0,0
3689,100,100,0,0
3688,100,100,0,0
3687,100,87,0,13
3686,100,87,0,13
3685,100,91,0,9
3684,100,87,0,13
3683,100,99,0,1
3682,100,99,0,1
3681,100,100,0,0
3680,100,100,0,0
3679,100,93,0,7
3678,100,99,0,1
3677,100,100,0,0
3676,100,100,0,0
3675,100,100,0,0
3674,100,87,0,13
3673,100,91,0,9
3672,100,100,0,0
3671,100,100,0,0
3670,100,100,0,0
3669,100,100,0,0
3668,100,100,0,0
3667,100,100,0,0
3666,100,100,0,0
3665,100,100,0,0
3664,100,97,1,2
3663,100,97,1,2
3662,100,97,1,2
3661,100,97,1,2
3660,100,96,2,2
3659,100,96,2,2
3658,100,99,0,1
3657,100,100,0,0
3656,100,100,0,0
3655,100,100,0,0
3654,100,100,0,0
3653,100,100,0,0
3652,100,9,28,63
3651,100,6,27,67
3650,100,11,24,65
3649,100,9,27,64
3648,100,7,28,65
3647,100,1,28,71
3646,100,28,13,59
3645,100,39,9,52
3644,100,37,8,55
3643,100,17,15,68
3642,100,11,21,68
3641,100,11,23,66
3640,100,5,24,71
3639,100,12,19,69
3638,100,6,22,72
3637,100,4,23,73
3636,100,4,23,73
3635,100,28,8,64
3634,100,60,4,36
3633,100,83,1,16
3632,100,100,0,0
3631,100,100,0,0
3630,100,100,0,0
3629,100,100,0,0
3611,100,100,0,0
3610,100,100,0,0
3609,100,100,0,0
3608,100,100,0,0
3607,100,100,0,0
3606,100,100,0,0
3605,100,100,0,0
3604,100,100,0,0
3581,100,69,5,26
3580,100,70,5,25
3579,100,78,1,21
3578,100,98,0,2
3577,100,100,0,0
3576,100,100,0,0
3575,100,100,0,0
3574,100,100,0,0
3573,100,99,1,0
3572,100,99,0,1
3571,100,82,1,17
3570,100,78,1,21
3569,100,99,0,1
3568,100,100,0,0
3567,100,95,0,5
3566,100,98,0,2
3565,100,99,0,1
3564,100,100,0,0
3563,100,100,0,0
3562,100,100,0,0
3561,100,100,0,0
3560,100,100,0,0
3559,100,100,0,0
3558,100,100,0,0
3557,100,100,0,0
3556,100,100,0,0
3555,100,100,0,0
3554,100,100,0,0
3553,100,100,0,0
3552,100,100,0,0
3551,100,100,0,0
3550,100,97,1,2
3549,100,97,1,2
3548,100,97,1,2
3547,100,97,1,2
3546,100,96,2,2
3545,100,96,2,2
3544,100,98,0,2
3543,100,99,0,1
3542,100,100,0,0
3541,100,100,0,0
3540,100,100,0,0
3539,100,97,1,2
3538,100,7,29,64
3537,100,8,25,67
3536,100,16,22,62
3535,100,3,29,68
3534,100,4,29,67
3533,100,8,24,68
3532,100,25,13,62
3531,100,37,9,54
3530,100,29,12,59
3529,100,11,21,68
3528,100,5,26,69
3527,100,4,26,70
3526,100,9,22,69
3525,100,7,22,71
3524,100,6,23,71
3523,100,1,26,73
3522,100,3,24,73
3521,100,32,7,61
3520,100,100,0,0
3519,100,100,0,0
3518,100,100,0,0
3517,100,100,0,0
3516,100,100,0,0
3470,100,100,0,0
3469,100,71,1,28
3468,100,93,1,6
3467,100,100,0,0
3466,100,100,0,0
3465,100,100,0,0
3464,100,100,0,0
3463,100,100,0,0
3462,100,99,0,1
3461,100,97,0,3
3460,100,96,0,4
3459,100,92,0,8
3458,100,100,0,0
3457,100,97,0,3
3456,100,81,0,19
3455,100,100,0,0
3454,100,99,0,1
3453,100,96,0,4
3452,100,99,0,1
3451,100,98,0,2
3450,100,99,0,1
3449,100,100,0,0
3448,100,100,0,0
3447,100,100,0,0
3446,100,100,0,0
3445,100,99,0,1
3444,100,100,0,0
3443,100,100,0,0
3442,100,97,0,3
3441,100,100,0,0
3440,100,100,0,0
3439,100,100,0,0
3438,100,100,0,0
3437,100,100,0,0
3436,100,97,1,2
3435,100,97,1,2
3434,100,97,1,2
3433,100,97,1,2
3432,100,96,2,2
3431,100,96,2,2
3430,100,98,0,2
3429,100,98,0,2
3428,100,99,0,1
3427,100,100,0,0
3426,100,100,0,0
3425,100,100,0,0
3424,100,39,23,38
3423,100,4,26,70
3422,100,16,20,64
3421,100,10,26,64
3420,100,7,28,65
3419,100,5,26,69
3418,100,25,14,61
3417,100,33,13,54
3416,100,25,14,61
3415,100,7,22,71
3414,100,10,22,68
3413,100,3,25,72
3412,100,7,23,70
3411,100,100,0,0
3410,100,100,0,0
3409,100,100,0,0
3408,100,100,0,0
3407,100,100,0,0
3406,100,100,0,0
3405,100,100,0,0
3404,100,100,0,0
3403,100,100,0,0
3357,100,99,0,1
3356,100,100,0,0
3355,100,100,0,0
3354,100,100,0,0
3353,100,100,0,0
3352,100,100,0,0
3351,100,100,0,0
3350,100,100,0,0
3349,100,100,0,0
3348,100,100,0,0
3347,100,96,0,4
3346,100,99,0,1
3345,100,98,0,2
3344,100,85,0,15
3343,100,90,0,10
3342,100,94,0,6
3341,100,99,0,1
3340,100,99,0,1
3339,100,98,0,2
3338,100,100,0,0
3337,100,100,0,0
3336,100,100,0,0
3335,100,100,0,0
3334,100,100,0,0
3333,100,98,0,2
3332,100,98,0,2
3331,100,100,0,0
3330,100,100,0,0
3329,100,100,0,0
3328,100,100,0,0
3327,100,100,0,0
3326,100,100,0,0
3325,100,100,0,0
3324,100,100,0,0
3323,100,97,1,2
3322,100,97,1,2
3321,100,97,1,2
3320,100,97,1,2
3319,100,96,2,2
3318,100,96,2,2
3317,100,97,1,2
3316,100,97,1,2
3315,100,97,1,2
3314,100,100,0,0
3313,100,100,0,0
3312,100,61,18,21
3311,100,11,24,65
3310,100,12,22,66
3309,100,7,24,69
3308,100,13,25,62
3307,100,9,26,65
3306,100,8,26,66
3305,100,25,16,59
3304,100,32,14,54
3303,100,21,18,61
3302,100,12,23,65
3301,100,9,23,68
3300,100,100,0,0
3299,100,100,0,0
3298,100,100,0,0
3297,100,100,0,0
3296,100,100,0,0
3295,100,100,0,0
3294,100,100,0,0
3293,100,100,0,0
3245,100,100,0,0
3244,100,100,0,0
3243,100,100,0,0
3242,100,100,0,0
3241,100,100,0,0
3240,100,100,0,0
3239,100,100,0,0
3238,100,100,0,0
3237,100,100,0,0
3236,100,100,0,0
3235,100,98,0,2
3234,100,100,0,0
3233,100,100,0,0
3232,100,99,0,1
3231,100,100,0,0
3230,100,90,0,10
3229,100,96,0,4
3228,100,99,0,1
3227,100,99,0,1
3226,100,100,0,0
3225,100,100,0,0
3224,100,100,0,0
3223,100,100,0,0
3222,100,100,0,0
3221,100,100,0,0
3220,100,100,0,0
3219,100,100,0,0
3218,100,100,0,0
3217,100,100,0,0
3216,100,100,0,0
3215,100,100,0,0
3214,100,100,0,0
3213,100,100,0,0
3212,100,100,0,0
3211,100,98,0,2
3210,100,98,0,2
3209,100,98,0,2
3208,100,98,0,2
3207,100,97,1,2
3206,100,97,1,2
3205,100,97,1,2
3204,100,97,1,2
3203,100,97,1,2
3202,100,100,0,0
3201,100,87,7,6
3200,100,6,33,61
3199,100,5,30,65
3198,100,10,25,65
3197,100,9,25,66
3196,100,11,26,63
3195,100,4,28,68
3194,100,3,27,70
3193,100,22,17,61
3192,100,28,15,57
3191,100,16,21,63
3190,100,2,31,67
3189,100,5,28,67
3188,100,100,0,0
3187,100,100,0,0
3186,100,100,0,0
3133,100,100,0,0
3132,100,100,0,0
3131,100,100,0,0
3130,100,100,0,0
3129,100,100,0,0
3128,100,100,0,0
3127,100,100,0,0
3126,100,100,0,0
3125,100,100,0,0
3124,100,100,0,0
3123,100,96,0,4
3122,100,100,0,0
3121,100,100,0,0
3120,100,100,0,0
3119,100,99,0,1
3118,100,96,4,0
3117,100,100,0,0
3116,100,100,0,0
3115,100,98,0,2
3114,100,100,0,0
3113,100,100,0,0
3112,100,100,0,0
3111,100,100,0,0
3110,100,100,0,0
3109,100,100,0,0
3108,100,100,0,0
3107,100,100,0,0
3106,100,100,0,0
3105,100,100,0,0
3104,100,100,0,0
3103,100,100,0,0
3102,100,100,0,0
3101,100,100,0,0
3100,100,100,0,0
3099,100,98,0,2
3098,100,98,0,2
3097,100,98,0,2
3096,100,98,0,2
3095,100,97,1,2
3094,100,97,1,2
3093,100,97,1,2
3092,100,97,1,2
3091,100,49,22,29
3090,100,41,29,30
3089,100,72,17,11
3088,100,9,30,61
3087,100,8,27,65
3086,100,11,22,67
3085,100,9,24,67
3084,100,4,29,67
3083,100,3,28,69
3082,100,1,27,72
3081,100,24,15,61
3080,100,28,15,57
3079,100,15,22,63
3078,100,2,31,67
3077,100,2,30,68
3076,100,100,0,0
3075,100,100,0,0
3021,100,100,0,0
3020,100,100,0,0
3019,100,100,0,0
3018,100,100,0,0
3017,100,100,0,0
3016,100,100,0,0
3015,100,100,0,0
3014,100,100,0,0
3013,100,100,0,0
3012,100,96,0,4
3011,100,99,0,1
3010,100,100,0,0
3009,100,100,0,0
3008,100,98,0,2
3007,100,98,2,0
3006,100,100,0,0
3005,100,100,0,0
3004,100,100,0,0
3003,100,100,0,0
3002,100,100,0,0
3001,100,100,0,0
3000,100,100,0,0
2999,100,100,0,0
2998,100,100,0,0
2997,100,100,0,0
2996,100,100,0,0
2995,100,100,0,0
2994,100,100,0,0
2993,100,100,0,0
2992,100,100,0,0
2991,100,100,0,0
2990,100,100,0,0
2989,100,100,0,0
2988,100,96,0,4
2987,100,96,0,4
2986,100,96,0,4
2985,100,96,0,4
2984,100,95,1,4
2983,100,95,1,4
2982,100,93,1,6
2981,100,93,1,6
2980,100,8,30,62
2979,100,5,31,64
2978,100,7,30,63
2977,100,11,27,62
2976,100,8,25,67
2975,100,12,21,67
2974,100,7,24,69
2973,100,4,26,70
2972,100,3,28,69
2971,100,2,27,71
2970,100,24,15,61
2969,100,28,15,57
2968,100,15,22,63
2967,100,2,31,67
2910,100,100,0,0
2909,100,100,0,0
2908,100,100,0,0
2907,100,100,0,0
2906,100,100,0,0
2905,100,100,0,0
2904,100,100,0,0
2903,100,100,0,0
2902,100,100,0,0
2901,100,99,0,1
2900,100,100,0,0
2899,100,100,0,0
2898,100,98,2,0
2897,100,100,0,0
2896,100,100,0,0
2895,100,100,0,0
2894,100,100,0,0
2893,100,100,0,0
2892,100,100,0,0
2891,100,100,0,0
2890,100,100,0,0
2889,100,100,0,0
2888,100,100,0,0
2887,100,100,0,0
2886,100,100,0,0
2885,100,100,0,0
2884,100,100,0,0
2883,100,100,0,0
2882,100,100,0,0
2881,100,100,0,0
2880,100,100,0,0
2879,100,100,0,0
2878,100,96,0,4
2877,100,96,0,4
2876,100,96,0,4
2875,100,96,0,4
2874,100,96,0,4
2873,100,95,1,4
2872,100,93,1,6
2871,100,93,1,6
2870,100,3,30,67
2869,100,5,28,67
2868,100,3,29,68
2867,100,6,27,67
2866,100,4,27,69
2865,100,5,27,68
2864,100,6,26,68
2863,100,9,24,67
2801,100,20,24,56
2800,100,20,24,56
2799,100,19,23,58
2798,100,98,2,0
2797,100,98,0,2
2796,100,99,0,1
2795,100,100,0,0
2794,100,97,0,3
2793,100,97,0,3
2792,100,95,0,5
2791,100,99,0,1
2790,100,98,0,2
2789,100,98,2,0
2788,100,100,0,0
2787,100,100,0,0
2786,100,100,0,0
2785,100,100,0,0
2784,100,100,0,0
2783,100,100,0,0
2782,100,100,0,0
2781,100,100,0,0
2780,100,100,0,0
2779,100,100,0,0
2778,100,100,0,0
2777,100,100,0,0
2776,100,100,0,0
2775,100,100,0,0
2774,100,100,0,0
2773,100,100,0,0
2772,100,100,0,0
2771,100,100,0,0
2770,100,96,0,4
2769,100,96,0,4
2768,100,96,0,4
2767,100,96,0,4
2766,100,96,0,4
2765,100,93,1,6
2764,100,93,1,6
2763,100,93,1,6
2762,100,6,28,66
2761,100,3,28,69
2760,100,4,29,67
2759,100,3,28,69
2758,100,10,24,66
2757,100,9,27,64
2756,100,0,31,69
2693,100,25,23,52
2692,100,26,22,52
2691,100,25,22,53
2690,100,100,0,0
2689,100,99,0,1
2688,100,100,0,0
2687,100,99,0,1
2686,100,99,0,1
2685,100,98,0,2
2684,100,99,0,1
2683,100,100,0,0
2682,100,100,0,0
2681,100,100,0,0
2680,100,100,0,0
2679,100,100,0,0
2678,100,100,0,0
2677,100,100,0,0
2676,100,100,0,0
2675,100,100,0,0
2674,100,100,0,0
2673,100,100,0,0
2672,100,100,0,0
2671,100,100,0,0
2670,100,100,0,0
2669,100,100,0,0
2668,100,100,0,0
2667,100,100,0,0
2666,100,100,0,0
2665,100,96,0,4
2664,100,96,0,4
2663,100,96,0,4
2662,100,94,0,6
2661,100,93,1,6
2660,100,93,1,6
2659,100,93,1,6
2658,100,17,21,62
2657,100,9,24,67
2656,100,5,27,68
2655,100,6,26,68
2654,100,6,28,66
2653,100,7,30,63
2652,100,15,24,61
2589,100,69,4,27
2588,100,69,4,27
2587,100,69,4,27
2586,100,100,0,0
2585,100,100,0,0
2584,100,96,0,4
2583,100,99,0,1
2582,100,98,0,2
2581,100,98,0,2
2580,100,98,2,0
2579,100,100,0,0
2578,100,100,0,0
2577,100,100,0,0
2576,100,100,0,0
2575,100,100,0,0
2574,100,100,0,0
2573,100,100,0,0
2572,100,100,0,0
2571,100,100,0,0
2570,100,100,0,0
2569,100,100,0,0
2568,100,100,0,0
2567,100,100,0,0
2566,100,100,0,0
2565,100,100,0,0
2564,100,96,0,4
2563,100,94,0,6
2562,100,94,0,6
2561,100,94,0,6
2560,100,93,1,6
2559,100,93,1,6
2558,100,93,1,6
2557,100,45,14,41
2556,100,34,19,47
2555,100,24,20,56
2554,100,19,20,61
2553,100,9,26,65
2552,100,15,27,58
2551,100,14,27,59
2488,100,98,0,2
2487,100,98,0,2
2486,100,98,0,2
2485,100,100,0,0
2484,100,99,0,1
2483,100,97,0,3
2482,100,100,0,0
2481,100,100,0,0
2480,100,100,0,0
2479,100,100,0,0
2478,100,100,0,0
2477,100,100,0,0
2476,100,100,0,0
2475,100,100,0,0
2474,100,100,0,0
2473,100,100,0,0
2472,100,100,0,0
2471,100,100,0,0
2470,100,100,0,0
2469,100,100,0,0
2468,100,100,0,0
2467,100,100,0,0
2466,100,96,0,4
2465,100,96,0,4
2464,100,96,0,4
2463,100,95,0,5
2462,100,94,1,5
2461,100,93,1,6
2460,100,93,1,6
2459,100,78,7,15
2458,100,61,13,26
2457,100,40,17,43
2456,100,30,17,53
2455,100,21,22,57
2454,100,1,35,64
2453,100,0,36,64
2391,100,95,0,5
2390,100,100,0,0
2389,100,98,0,2
2388,100,98,0,2
2387,100,100,0,0
2386,100,97,0,3
2385,100,99,0,1
2384,100,100,0,0
2383,100,100,0,0
2382,100,100,0,0
2381,100,100,0,0
2380,100,100,0,0
2379,100,100,0,0
2378,100,100,0,0
2377,100,100,0,0
2376,100,100,0,0
2375,100,100,0,0
2374,100,100,0,0
2373,100,100,0,0
2372,100,100,0,0
2371,100,96,0,4
2370,100,96,0,4
2369,100,96,0,4
2368,100,96,0,4
2367,100,95,1,4
2366,100,94,1,5
2365,100,94,1,5
2364,100,88,3,9
2363,100,76,6,18
2362,100,58,12,30
2361,100,36,17,47
2360,100,19,23,58
2359,100,2,33,65
2358,100,3,33,64
2297,100,100,0,0
2296,100,100,0,0
2295,100,100,0,0
2294,100,100,0,0
2293,100,100,0,0
2292,100,99,0,1
2291,100,100,0,0
2290,100,100,0,0
2289,100,100,0,0
2288,100,100,0,0
2287,100,100,0,0
2286,100,100,0,0
2285,100,100,0,0
2284,100,100,0,0
2283,100,100,0,0
2282,100,100,0,0
2281,100,100,0,0
2280,100,100,0,0
2279,100,97,0,3
2278,100,96,0,4
2277,100,96,0,4
2276,100,96,0,4
2275,100,96,0,4
2274,100,96,0,4
2273,100,95,0,5
2272,100,93,1,6
2271,100,87,1,12
2270,100,73,7,20
2269,100,46,15,39
2268,100,19,23,58
2267,100,2,33,65
2205,100,100,0,0
2204,100,100,0,0
2203,100,100,0,0
2202,100,100,0,0
2201,100,100,0,0
2200,100,100,0,0
2199,100,100,0,0
2198,100,100,0,0
2197,100,100,0,0
2196,100,100,0,0
2195,100,100,0,0
2194,100,100,0,0
2193,100,100,0,0
2192,100,100,0,0
2191,100,100,0,0
2190,100,100,0,0
2189,100,100,0,0
2188,100,98,0,2
2187,100,98,0,2
2186,100,98,0,2
2185,100,98,0,2
2184,100,98,0,2
2183,100,98,0,2
2182,100,98,0,2
2181,100,98,0,2
2180,100,98,0,2
2179,100,98,0,2
2178,100,100,0,0
2177,100,88,2,10
2176,100,88,2,10
2115,100,100,0,0
2114,100,100,0,0
2113,100,97,0,3
2112,100,100,0,0
2111,100,100,0,0
2110,100,100,0,0
2109,100,100,0,0
2108,100,100,0,0
2107,100,100,0,0
2106,100,100,0,0
2105,100,100,0,0
2104,100,100,0,0
2103,100,100,0,0
2102,100,100,0,0
2101,100,100,0,0
2100,100,100,0,0
2099,100,100,0,0
2098,100,98,0,2
2097,100,98,0,2
2096,100,98,0,2
2095,100,98,0,2
2094,100,98,0,2
2093,100,98,0,2
2092,100,98,0,2
2091,100,98,0,2
2090,100,100,0,0
2089,100,100,0,0
2088,100,100,0,0
2087,100,100,0,0
2025,100,100,0,0
2024,100,100,0,0
2023,100,100,0,0
2022,100,100,0,0
2021,100,100,0,0
2020,100,99,0,1
2019,100,100,0,0
2018,100,100,0,0
2017,100,100,0,0
2016,100,100,0,0
2015,100,100,0,0
2014,100,100,0,0
2013,100,100,0,0
2012,100,100,0,0
2011,100,100,0,0
2010,100,100,0,0
2009,100,100,0,0
2008,100,100,0,0
2007,100,100,0,0
2006,100,100,0,0
2005,100,100,0,0
2004,100,100,0,0
2003,100,100,0,0
2002,100,100,0,0
2001,100,100,0,0
2000,100,100,0,0
1999,100,100,0,0
1998,100,96,0,4
1997,100,100,0,0
1996,100,100,0,0
1995,100,100,0,0
1994,100,100,0,0
1993,100,97,0,3
1992,100,100,0,0
1938,100,100,0,0
1937,100,100,0,0
1936,100,100,0,0
1935,100,100,0,0
1934,100,99,0,1
1933,100,100,0,0
1932,100,100,0,0
1931,100,100,0,0
1930,100,100,0,0
1929,100,100,0,0
1928,100,100,0,0
1927,100,100,0,0
1926,100,100,0,0
1925,100,100,0,0
1924,100,100,0,0
1923,100,100,0,0
1922,100,100,0,0
1921,100,100,0,0
1920,100,100,0,0
1919,100,100,0,0
1918,100,100,0,0
1917,100,100,0,0
1916,100,100,0,0
1915,100,100,0,0
1914,100,98,0,2
1913,100,100,0,0
1912,100,100,0,0
1911,100,100,0,0
1910,100,100,0,0
1909,100,100,0,0
1908,100,100,0,0
1907,100,100,0,0
1906,100,100,0,0
1905,100,100,0,0
1904,100,98,2,0
1903,100,100,0,0
1855,100,100,0,0
1854,100,96,0,4
1853,100,100,0,0
1852,100,100,0,0
1851,100,100,0,0
1850,100,94,0,6
1849,100,100,0,0
1848,100,100,0,0
1847,100,100,0,0
1846,100,100,0,0
1845,100,100,0,0
1844,100,100,0,0
1843,100,100,0,0
1842,100,100,0,0
1841,100,100,0,0
1840,100,100,0,0
1839,100,100,0,0
1838,100,100,0,0
1837,100,100,0,0
1836,100,100,0,0
1835,100,100,0,0
1834,100,100,0,0
1833,100,100,0,0
1832,100,100,0,0
1831,100,100,0,0
1830,100,100,0,0
1829,100,100,0,0
1828,100,99,0,1
1827,100,92,1,7
1826,100,60,14,26
1825,100,42,22,36
1824,100,37,24,39
1823,100,42,22,36
1822,100,54,16,30
1821,100,100,0,0
1820,100,100,0,0
1819,100,100,0,0
1818,100,100,0,0
1817,100,21,11,68
1816,100,63,18,19
1770,100,100,0,0
1769,100,100,0,0
1768,100,100,0,0
1767,100,100,0,0
1766,100,100,0,0
1765,100,100,0,0
1764,100,100,0,0
1763,100,100,0,0
1762,100,100,0,0
1761,100,100,0,0
1760,100,100,0,0
1759,100,100,0,0
1758,100,100,0,0
1757,100,100,0,0
1756,100,100,0,0
1755,100,100,0,0
1754,100,100,0,0
1753,100,100,0,0
1752,100,100,0,0
1751,100,100,0,0
1750,100,100,0,0
1749,100,100,0,0
1748,100,100,0,0
1747,100,100,0,0
1746,100,100,0,0
1745,100,99,0,1
1744,100,91,2,7
1743,100,56,15,29
1742,100,35,26,39
1741,100,18,33,49
1740,100,24,29,47
1739,100,39,22,39
1738,100,100,0,0
1737,100,100,0,0
1736,100,100,0,0
1735,100,100,0,0
1734,100,98,2,0
1733,100,68,31,1
1732,100,15,84,1
1691,100,100,0,0
1690,100,100,0,0
1689,100,100,0,0
1688,100,100,0,0
1687,100,100,0,0
1686,100,100,0,0
1685,100,100,0,0
1684,100,100,0,0
1683,100,100,0,0
1682,100,97,0,3
1681,100,100,0,0
1680,100,100,0,0
1679,100,100,0,0
1678,100,100,0,0
1677,100,100,0,0
1676,100,100,0,0
1675,100,100,0,0
1674,100,100,0,0
1673,100,100,0,0
1672,100,100,0,0
1671,100,100,0,0
1670,100,100,0,0
1669,100,100,0,0
1668,100,100,0,0
1667,100,100,0,0
1666,100,100,0,0
1665,100,100,0,0
1664,100,100,0,0
1663,100,99,1,0
1662,100,96,2,2
1661,100,69,12,19
1660,100,46,22,32
1659,100,26,28,46
1658,100,27,26,47
1657,100,38,22,40
1656,100,91,3,6
1655,100,100,0,0
1654,100,100,0,0
1653,100,100,0,0
1652,100,100,0,0
1651,100,100,0,0
1650,100,96,4,0
1649,100,9,91,0
1610,100,93,5,2
1609,100,92,6,2
1608,100,100,0,0
1607,100,100,0,0
1606,100,100,0,0
1605,100,54,0,46
1604,100,92,0,8
1603,100,100,0,0
1602,100,100,0,0
1601,100,100,0,0
1600,100,94,0,6
1599,100,100,0,0
1598,100,100,0,0
1597,100,100,0,0
1596,100,100,0,0
1595,100,100,0,0
1594,100,100,0,0
1593,100,100,0,0
1592,100,100,0,0
1591,100,100,0,0
1590,100,100,0,0
1589,100,100,0,0
1588,100,100,0,0
1587,100,100,0,0
1586,100,100,0,0
1585,100,100,0,0
1584,100,100,0,0
1583,100,100,0,0
1582,100,99,1,0
1581,100,99,1,0
1580,100,87,6,7
1579,100,73,10,17
1578,100,56,16,28
1577,100,47,19,34
1576,100,49,18,33
1575,100,100,0,0
1574,100,100,0,0
1573,100,100,0,0
1572,100,100,0,0
1571,100,100,0,0
1570,100,100,0,0
1569,100,100,0,0
1568,100,100,0,0
1567,100,1,28,71
1529,100,97,0,3
1528,100,100,0,0
1527,100,99,1,0
1526,100,100,0,0
1525,100,100,0,0
1524,100,93,0,7
1523,100,99,0,1
1522,100,98,0,2
1521,100,100,0,0
1520,100,100,0,0
1519,100,97,0,3
1518,100,98,2,0
1517,100,100,0,0
1516,100,100,0,0
1515,100,100,0,0
1514,100,100,0,0
1513,100,100,0,0
1512,100,100,0,0
1511,100,100,0,0
1510,100,100,0,0
1509,100,100,0,0
1508,100,100,0,0
1507,100,100,0,0
1506,100,100,0,0
1505,100,100,0,0
1504,100,100,0,0
1503,100,100,0,0
1502,100,99,1,0
1501,100,99,1,0
1500,100,98,2,0
1499,100,95,3,2
1498,100,86,6,8
1497,100,77,10,13
1496,100,71,12,17
1495,100,71,13,16
1494,100,62,15,23
1493,100,100,0,0
1492,100,100,0,0
1491,100,100,0,0
1490,100,100,0,0
1489,100,100,0,0
1488,100,100,0,0
1487,100,1,28,71
1449,100,100,0,0
1448,100,100,0,0
1447,100,100,0,0
1446,100,100,0,0
1445,100,98,0,2
1444,100,96,0,4
1443,100,99,0,1
1442,100,98,0,2
1441,100,100,0,0
1440,100,100,0,0
1439,100,96,0,4
1438,100,93,0,7
1437,100,100,0,0
1436,100,100,0,0
1435,100,100,0,0
1434,100,100,0,0
1433,100,100,0,0
1432,100,100,0,0
1431,100,100,0,0
1430,100,100,0,0
1429,100,100,0,0
1428,100,100,0,0
1427,100,100,0,0
1426,100,100,0,0
1425,100,100,0,0
1424,100,99,1,0
1423,100,99,1,0
1422,100,98,2,0
1421,100,97,2,1
1420,100,94,2,4
1419,100,81,7,12
1418,100,71,13,16
1417,100,66,15,19
1416,100,41,23,36
1415,100,40,22,38
1414,100,37,22,41
1413,100,100,0,0
1412,100,93,0,7
1411,100,100,0,0
1410,100,100,0,0
1409,100,100,0,0
1408,100,0,60,40
1375,100,100,0,0
1374,100,100,0,0
1373,100,100,0,0
1372,100,82,15,3
1371,100,100,0,0
1370,100,97,0,3
1369,100,100,0,0
1368,100,100,0,0
1367,100,100,0,0
1366,100,98,0,2
1365,100,99,0,1
1364,100,99,0,1
1363,100,99,0,1
1362,100,97,0,3
1361,100,100,0,0
1360,100,100,0,0
1359,100,100,0,0
1358,100,100,0,0
1357,100,100,0,0
1356,100,100,0,0
1355,100,100,0,0
1354,100,100,0,0
1353,100,100,0,0
1352,100,100,0,0
1351,100,100,0,0
1350,100,100,0,0
1349,100,100,0,0
1348,100,100,0,0
1347,100,99,1,0
1346,100,99,1,0
1345,100,99,1,0
1344,100,98,1,1
1343,100,97,1,2
1342,100,87,5,8
1341,100,79,10,11
1340,100,74,13,13
1339,100,55,18,27
1338,100,47,18,35
1337,100,40,19,41
1336,100,50,14,36
1335,100,100,0,0
1334,100,100,0,0
1333,100,100,0,0
1332,100,100,0,0
1331,100,31,60,9
1314,100,41,59,0
1313,100,91,0,9
1312,100,100,0,0
1311,100,100,0,0
1298,100,99,1,0
1297,100,100,0,0
1296,100,100,0,0
1295,100,65,25,10
1294,100,91,0,9
1293,100,100,0,0
1292,100,100,0,0
1291,100,100,0,0
1290,100,100,0,0
1289,100,99,0,1
1288,100,98,0,2
1287,100,99,0,1
1286,100,100,0,0
1285,100,100,0,0
1284,100,100,0,0
1283,100,100,0,0
1282,100,100,0,0
1281,100,100,0,0
1280,100,100,0,0
1279,100,100,0,0
1278,100,100,0,0
1277,100,100,0,0
1276,100,100,0,0
1275,100,100,0,0
1274,100,100,0,0
1273,100,100,0,0
1272,100,99,1,0
1271,100,99,1,0
1270,100,99,1,0
1269,100,98,1,1
1268,100,97,1,2
1267,100,89,4,7
1266,100,83,7,10
1265,100,81,8,11
1264,100,65,13,22
1263,100,55,13,32
1262,100,52,13,35
1261,100,52,13,35
1260,100,69,8,23
1259,100,100,0,0
1258,100,100,0,0
1257,100,100,0,0
1256,100,100,0,0
1255,100,36,17,47
1239,100,41,59,0
1238,100,100,0,0
1237,100,100,0,0
1236,100,100,0,0
1235,100,12,34,54
1224,100,91,2,7
1223,100,100,0,0
1222,100,96,4,0
1221,100,49,31,20
1220,100,55,20,25
1219,100,70,8,22
1218,100,100,0,0
1217,100,98,0,2
1216,100,100,0,0
1215,100,98,0,2
1214,100,97,0,3
1213,100,100,0,0
1212,100,100,0,0
1211,100,100,0,0
1210,100,100,0,0
1209,100,100,0,0
1208,100,100,0,0
1207,100,100,0,0
1206,100,100,0,0
1205,100,100,0,0
1204,100,100,0,0
1203,100,100,0,0
1202,100,100,0,0
1201,100,100,0,0
1200,100,100,0,0
1199,100,99,1,0
1198,100,98,2,0
1197,100,98,2,0
1196,100,97,2,1
1195,100,95,3,2
1194,100,88,5,7
1193,100,85,6,9
1192,100,83,6,11
1191,100,78,7,15
1190,100,73,7,20
1189,100,72,7,21
1188,100,70,7,23
1187,100,72,7,21
1186,100,100,0,0
1185,100,100,0,0
1184,100,100,0,0
1183,100,24,26,50
1182,100,8,29,63
1167,100,60,10,30
1166,100,96,4,0
1165,100,100,0,0
1164,100,100,0,0
1163,100,100,0,0
1162,100,13,34,53
1161,100,5,38,57
1160,100,16,29,55
1159,100,3,33,64
1158,100,14,24,62
1157,100,1,26,73
1152,100,93,1,6
1151,100,68,6,26
1150,100,65,21,14
1149,100,56,18,26
1148,100,58,5,37
1147,100,47,11,42
1146,100,55,10,35
1145,100,100,0,0
1144,100,94,0,6
1143,100,100,0,0
1142,100,98,0,2
1141,100,95,0,5
1140,100,98,0,2
1139,100,100,0,0
1138,100,100,0,0
1137,100,100,0,0
1136,100,100,0,0
1135,100,100,0,0
1134,100,100,0,0
1133,100,100,0,0
1132,100,100,0,0
1131,100,100,0,0
1130,100,100,0,0
1129,100,99,1,0
1128,100,99,1,0
1127,100,98,2,0
1126,100,98,2,0
1125,100,98,2,0
1124,100,97,2,1
1123,100,95,3,2
1122,100,85,6,9
1121,100,84,6,10
1120,100,83,6,11
1119,100,77,6,17
1118,100,76,6,18
1117,100,75,6,19
1116,100,76,5,19
1115,100,78,5,17
1114,100,100,0,0
1113,100,100,0,0
1112,100,100,0,0
1111,100,100,0,0
1101,100,67,19,14
1100,100,62,16,22
1099,100,100,0,0
1098,100,99,0,1
1097,100,100,0,0
1095,100,67,8,25
1094,100,100,0,0
1093,100,100,0,0
1092,100,100,0,0
1091,100,8,37,55
1090,100,11,37,52
1089,100,5,38,57
1088,100,9,34,57
1087,100,15,27,58
1086,100,8,25,67
1085,100,1,26,73
1084,100,3,24,73
1081,100,99,0,1
1080,100,80,3,17
1079,100,61,8,31
1078,100,55,11,34
1077,100,57,11,32
1076,100,68,4,28
1075,100,64,4,32
1074,100,73,4,23
1073,100,98,0,2
1072,100,100,0,0
1071,100,100,0,0
1070,100,99,0,1
1069,100,100,0,0
1068,100,100,0,0
1067,100,100,0,0
1066,100,100,0,0
1065,100,100,0,0
1064,100,100,0,0
1063,100,100,0,0
1062,100,100,0,0
1061,100,100,0,0
1060,100,100,0,0
1059,100,100,0,0
1058,100,99,1,0
1057,100,99,1,0
1056,100,98,2,0
1055,100,97,3,0
1054,100,97,3,0
1053,100,96,3,1
1052,100,94,4,2
1051,100,79,7,14
1050,100,79,7,14
1049,100,78,7,15
1048,100,75,7,18
1047,100,74,6,20
1046,100,72,7,21
1045,100,70,7,23
1044,100,67,9,24
1043,100,71,5,24
1042,100,69,6,25
1041,100,69,6,25
1032,100,100,0,0
1031,100,80,0,20
1030,100,93,3,4
1029,100,100,0,0
1028,100,100,0,0
1027,100,100,0,0
1026,100,100,0,0
1025,100,95,1,4
1023,100,100,0,0
1022,100,100,0,0
1021,100,95,2,3
1020,100,8,35,57
1019,100,19,29,52
1018,100,17,29,54
1017,100,15,28,57
1016,100,14,24,62
1015,100,11,25,64
1014,100,7,24,69
1013,100,1,24,75
1012,100,100,0,0
1011,100,97,0,3
1010,100,77,0,23
1009,100,63,3,34
1008,100,60,7,33
1007,100,62,9,29
1006,100,71,3,26
1005,100,73,3,24
1004,100,82,2,16
1003,100,100,0,0
1002,100,100,0,0
1001,100,100,0,0
1000,100,100,0,0
999,100,100,0,0
998,100,100,0,0
997,100,100,0,0
996,100,99,1,0
995,100,99,1,0
994,100,99,1,0
993,100,99,1,0
992,100,99,1,0
991,100,99,1,0
990,100,99,1,0
989,100,98,2,0
988,100,98,2,0
987,100,97,3,0
986,100,97,3,0
985,100,97,3,0
984,100,95,3,2
983,100,90,6,4
982,100,61,10,29
981,100,51,14,35
980,100,38,18,44
979,100,33,18,49
978,100,29,17,54
977,100,24,20,56
976,100,25,19,56
975,100,40,15,45
974,100,49,8,43
973,100,49,9,42
972,100,49,9,42
971,100,24,15,61
966,100,100,0,0
965,100,100,0,0
964,100,100,0,0
963,100,11,9,80
962,100,100,0,0
961,100,100,0,0
960,100,100,0,0
959,100,100,0,0
958,100,100,0,0
957,100,100,0,0
956,100,59,8,33
955,100,2,31,67
954,100,10,33,57
953,100,11,33,56
952,100,8,30,62
951,100,15,25,60
950,100,7,31,62
949,100,23,21,56
948,100,16,20,64
947,100,11,21,68
946,100,20,17,63
945,100,10,19,71
944,100,47,8,45
943,100,46,7,47
942,100,56,4,40
941,100,53,5,42
940,100,60,7,33
939,100,49,10,41
938,100,63,11,26
937,100,67,1,32
936,100,69,6,25
935,100,81,1,18
934,100,100,0,0
933,100,100,0,0
932,100,100,0,0
931,100,100,0,0
930,100,100,0,0
929,100,100,0,0
928,100,99,1,0
927,100,99,1,0
926,100,99,1,0
925,100,99,1,0
924,100,99,1,0
923,100,99,1,0
922,100,99,1,0
921,100,97,3,0
920,100,97,3,0
919,100,97,3,0
918,100,97,3,0
917,100,96,4,0
916,100,92,6,2
915,100,82,12,6
914,100,31,18,51
913,100,19,21,60
912,100,10,24,66
911,100,4,26,70
910,100,4,24,72
909,100,1,24,75
908,100,3,22,75
907,100,25,17,58
906,100,30,12,58
905,100,24,15,61
904,100,24,15,61
903,100,24,15,61
902,100,44,6,50
901,100,0,27,73
900,100,0,27,73
899,100,19,18,63
898,100,100,0,0
897,100,100,0,0
896,100,100,0,0
895,100,48,9,43
894,100,67,11,22
893,100,74,11,15
892,100,79,11,10
891,100,63,15,22
890,100,100,0,0
889,100,30,27,43
888,100,28,27,45
887,100,14,31,55
886,100,5,39,56
885,100,10,37,53
884,100,13,33,54
883,100,10,28,62
882,100,18,20,62
881,100,18,19,63
880,100,9,24,67
879,100,10,20,70
878,100,9,17,74
877,100,47,11,42
876,100,47,7,46
875,100,48,8,44
874,100,56,9,35
873,100,61,10,29
872,100,59,7,34
871,100,61,3,36
870,100,60,6,34
869,100,66,3,31
868,100,70,3,27
867,100,100,0,0
866,100,100,0,0
865,100,100,0,0
864,100,100,0,0
863,100,100,0,0
862,100,100,0,0
861,100,99,1,0
860,100,99,1,0
859,100,99,1,0
858,100,99,1,0
857,100,99,1,0
856,100,99,1,0
855,100,99,1,0
854,100,97,3,0
853,100,97,3,0
852,100,97,3,0
851,100,97,3,0
850,100,96,4,0
849,100,86,10,4
848,100,71,19,10
847,100,11,30,59
846,100,4,30,66
845,100,4,28,68
844,100,6,25,69
843,100,5,23,72
842,100,4,22,74
841,100,5,20,75
840,100,27,13,60
839,100,26,12,62
838,100,22,16,62
837,100,22,15,63
836,100,23,15,62
835,100,28,12,60
834,100,35,8,57
833,100,34,8,58
832,100,45,6,49
831,100,15,28,57
830,100,15,30,55
829,100,16,31,53
828,100,21,32,47
827,100,55,20,25
826,100,64,17,19
825,100,75,15,10
824,100,48,28,24
823,100,31,34,35
822,100,12,40,48
821,100,15,36,49
820,100,7,38,55
819,100,5,41,54
818,100,4,40,56
817,100,12,35,53
816,100,24,23,53
815,100,8,22,70
814,100,18,19,63
813,100,15,22,63
812,100,10,23,67
811,100,51,8,41
810,100,63,8,29
809,100,54,8,38
808,100,61,10,29
807,100,55,9,36
806,100,51,10,39
805,100,58,7,35
804,100,62,3,35
803,100,72,1,27
802,100,67,4,29
801,100,98,0,2
800,100,100,0,0
799,100,100,0,0
798,100,100,0,0
797,100,100,0,0
796,100,100,0,0
795,100,99,1,0
794,100,99,1,0
793,100,99,1,0
792,100,99,1,0
791,100,99,1,0
790,100,99,1,0
789,100,99,1,0
788,100,97,3,0
787,100,97,3,0
786,100,97,3,0
785,100,97,3,0
784,100,96,4,0
783,100,79,19,2
782,100,63,26,11
781,100,4,34,62
780,100,5,31,64
779,100,3,30,67
778,100,7,24,69
777,100,6,22,72
776,100,5,22,73
775,100,11,16,73
774,100,24,14,62
773,100,7,26,67
772,100,2,31,67
771,100,3,30,67
770,100,4,29,67
769,100,20,15,65
768,100,18,12,70
767,100,17,12,71
766,100,20,17,63
765,100,0,34,66
764,100,5,34,61
763,100,4,36,60
762,100,17,33,50
761,100,93,6,1
760,100,96,4,0
759,100,94,6,0
758,100,42,32,26
757,100,21,40,39
756,100,3,46,51
755,100,6,43,51
754,100,13,39,48
753,100,8,41,51
752,100,9,38,53
751,100,16,27,57
750,100,13,26,61
749,100,16,20,64
748,100,9,22,69
747,100,12,24,64
746,100,37,19,44
745,100,49,10,41
744,100,56,8,36
743,100,50,12,38
742,100,53,10,37
741,100,60,7,33
740,100,60,8,32
739,100,62,6,32
738,100,79,1,20
737,100,69,2,29
736,100,94,2,4
735,100,100,0,0
734,100,100,0,0
733,100,100,0,0
732,100,100,0,0
731,100,99,1,0
730,100,99,1,0
729,100,99,1,0
728,100,99,1,0
727,100,99,1,0
726,100,99,1,0
725,100,99,1,0
724,100,86,12,2
723,100,78,18,4
722,100,86,14,0
721,100,100,0,0
720,100,100,0,0
719,100,97,3,0
718,100,88,10,2
717,100,2,35,63
716,100,4,32,64
715,100,7,27,66
714,100,8,23,69
713,100,12,19,69
712,100,13,19,68
711,100,12,16,72
710,100,17,18,65
709,100,4,29,67
708,100,2,31,67
707,100,3,30,67
706,100,4,29,67
705,100,20,14,66
704,100,14,14,72
703,100,14,15,71
702,100,18,19,63
701,100,0,34,66
700,100,5,34,61
699,100,1,39,60
698,100,19,34,47
697,100,90,9,1
696,100,100,0,0
695,100,90,10,0
694,100,44,31,25
693,100,22,40,38
692,100,3,46,51
691,100,7,43,50
690,100,12,39,49
689,100,2,43,55
688,100,16,36,48
687,100,16,33,51
686,100,19,30,51
685,100,12,28,60
684,100,10,26,64
683,100,47,14,39
682,100,55,7,38
681,100,66,8,26
680,100,74,4,22
679,100,67,9,24
678,100,63,10,27
677,100,74,4,22
676,100,71,5,24
675,100,72,2,26
674,100,73,0,27
673,100,93,0,7
672,100,100,0,0
671,100,100,0,0
670,100,100,0,0
669,100,99,1,0
668,100,99,1,0
667,100,99,1,0
666,100,99,1,0
665,100,99,1,0
664,100,100,0,0
663,100,74,19,7
662,100,52,38,10
661,100,77,23,0
660,100,91,9,0
659,100,90,10,0
658,100,93,7,0
657,100,100,0,0
656,100,14,24,62
655,100,14,22,64
654,100,15,20,65
653,100,21,17,62
652,100,21,17,62
651,100,16,16,68
650,100,10,16,74
649,100,17,18,65
648,100,4,29,67
647,100,3,30,67
646,100,1,31,68
645,100,5,27,68
644,100,26,10,64
643,100,17,13,70
642,100,15,15,70
641,100,20,18,62
640,100,10,29,61
639,100,4,34,62
638,100,5,35,60
637,100,99,0,1
636,100,100,0,0
635,100,100,0,0
634,100,91,9,0
633,100,88,8,4
632,100,75,12,13
631,100,49,23,28
630,100,33,29,38
629,100,17,37,46
628,100,10,40,50
627,100,12,42,46
626,100,13,42,45
625,100,9,40,51
624,100,8,33,59
623,100,51,13,36
622,100,45,11,44
621,100,80,4,16
620,100,75,5,20
619,100,63,3,34
618,100,76,2,22
617,100,68,4,28
616,100,74,4,22
615,100,85,3,12
614,100,99,0,1
613,100,100,0,0
612,100,100,0,0
611,100,100,0,0
610,100,98,2,0
609,100,98,2,0
608,100,98,2,0
607,100,98,2,0
606,100,98,2,0
605,100,97,2,1
604,100,73,18,9
603,100,59,29,12
602,100,77,18,5
601,100,94,6,0
600,100,85,13,2
599,100,95,4,1
598,100,42,14,44
597,100,19,20,61
596,100,14,20,66
595,100,17,18,65
594,100,1,28,71
593,100,1,28,71
592,100,7,22,71
591,100,15,14,71
590,100,20,15,65
589,100,14,19,67
588,100,15,18,67
587,100,15,17,68
586,100,23,13,64
585,100,6,16,78
584,100,3,17,80
583,100,9,16,75
582,100,9,22,69
581,100,5,29,66
580,100,6,30,64
579,100,100,0,0
578,100,100,0,0
577,100,100,0,0
576,100,100,0,0
575,100,100,0,0
574,100,100,0,0
573,100,100,0,0
572,100,100,0,0
571,100,100,0,0
570,100,100,0,0
569,100,100,0,0
568,100,86,13,1
567,100,61,33,6
566,100,26,38,36
565,100,69,15,16
564,100,78,5,17
563,100,89,2,9
562,100,94,0,6
561,100,98,0,2
560,100,100,0,0
559,100,100,0,0
558,100,100,0,0
557,100,100,0,0
556,100,100,0,0
555,100,100,0,0
554,100,100,0,0
553,100,100,0,0
552,100,97,2,1
551,100,97,2,1
550,100,97,2,1
549,100,97,2,1
548,100,97,2,1
547,100,96,2,2
546,100,63,22,15
545,100,41,36,23
544,100,24,55,21
543,100,50,42,8
542,100,22,49,29
541,100,6,45,49
540,100,20,30,50
539,100,21,20,59
538,100,21,19,60
537,100,26,17,57
536,100,11,23,66
535,100,7,24,69
534,100,12,19,69
533,100,17,13,70
532,100,28,13,59
531,100,21,15,64
530,100,19,16,65
529,100,15,15,70
528,100,17,13,70
527,100,9,14,77
526,100,7,15,78
525,100,13,14,73
524,100,21,14,65
523,100,28,13,59
522,100,39,9,52
521,100,100,0,0
520,100,100,0,0
519,100,100,0,0
518,100,100,0,0
517,100,100,0,0
516,100,100,0,0
515,100,100,0,0
514,100,100,0,0
513,100,100,0,0
512,100,100,0,0
511,100,100,0,0
510,100,80,20,0
509,100,90,10,0
508,100,100,0,0
507,100,100,0,0
506,100,100,0,0
505,100,100,0,0
504,100,100,0,0
503,100,100,0,0
502,100,100,0,0
501,100,100,0,0
500,100,100,0,0
499,100,100,0,0
498,100,100,0,0
497,100,100,0,0
496,100,97,2,1
495,100,97,2,1
494,100,97,2,1
493,100,97,2,1
492,100,97,2,1
491,100,96,2,2
490,100,78,15,7
489,100,68,22,10
488,100,59,30,11
487,100,56,33,11
486,100,32,40,28
485,100,11,41,48
484,100,21,30,49
483,100,16,27,57
482,100,18,25,57
481,100,10,28,62
480,100,14,24,62
479,100,22,19,59
478,100,27,13,60
477,100,43,7,50
476,100,51,6,43
475,100,39,9,52
474,100,35,10,55
473,100,30,10,60
472,100,23,10,67
471,100,21,8,71
470,100,24,7,69
469,100,38,6,56
468,100,54,4,42
467,100,66,2,32
466,100,78,2,20
465,100,100,0,0
464,100,100,0,0
463,100,100,0,0
462,100,100,0,0
461,100,100,0,0
460,100,100,0,0
459,100,100,0,0
458,100,100,0,0
457,100,100,0,0
456,100,100,0,0
455,100,100,0,0
454,100,100,0,0
453,100,100,0,0
452,100,100,0,0
451,100,100,0,0
450,100,100,0,0
449,100,100,0,0
448,100,100,0,0
447,100,100,0,0
446,100,100,0,0
445,100,100,0,0
444,100,100,0,0
443,100,100,0,0
442,100,98,2,0
441,100,98,2,0
440,100,98,2,0
439,100,98,2,0
438,100,98,2,0
437,100,96,2,2
436,100,89,8,3
435,100,84,12,4
434,100,70,20,10
433,100,68,22,10
432,100,45,30,25
431,100,27,31,42
430,100,3,37,60
429,100,6,34,60
428,100,10,29,61
427,100,1,32,67
426,100,22,20,58
425,100,40,11,49
424,100,49,6,45
423,100,60,5,35
422,100,64,5,31
421,100,67,2,31
420,100,76,2,22
419,100,80,2,18
418,100,82,1,17
417,100,89,0,11
416,100,93,0,7
415,100,97,0,3
414,100,100,0,0
413,100,100,0,0
412,100,100,0,0
411,100,100,0,0
410,100,100,0,0
409,100,100,0,0
408,100,100,0,0
407,100,100,0,0
406,100,100,0,0
405,100,100,0,0
404,100,100,0,0
403,100,100,0,0
402,100,100,0,0
401,100,100,0,0
400,100,100,0,0
399,100,100,0,0
398,100,100,0,0
397,100,100,0,0
396,100,100,0,0
395,100,100,0,0
394,100,100,0,0
393,100,100,0,0
392,100,100,0,0
391,100,100,0,0
390,100,100,0,0
389,100,99,1,0
388,100,99,1,0
387,100,99,1,0
386,100,99,1,0
385,100,99,1,0
384,100,97,2,1
383,100,94,5,1
382,100,92,6,2
381,100,86,7,7
380,100,75,16,9
379,100,55,22,23
378,100,34,27,39
377,100,8,34,58
376,100,5,34,61
375,100,7,31,62
374,100,5,30,65
373,100,36,14,50
372,100,59,5,36
371,100,65,4,31
370,100,70,4,26
369,100,78,3,19
368,100,83,2,15
367,100,89,1,10
366,100,92,1,7
365,100,95,0,5
364,100,97,0,3
363,100,99,0,1
362,100,100,0,0
361,100,100,0,0
360,100,100,0,0
359,100,100,0,0
358,100,100,0,0
357,100,100,0,0
356,100,100,0,0
355,100,100,0,0
354,100,100,0,0
353,100,100,0,0
352,100,100,0,0
351,100,100,0,0
350,100,100,0,0
349,100,100,0,0
348,100,100,0,0
347,100,100,0,0
346,100,100,0,0
345,100,100,0,0
344,100,100,0,0
343,100,100,0,0
342,100,100,0,0
341,100,100,0,0
340,100,100,0,0
339,100,100,0,0
338,100,100,0,0
337,100,100,0,0
336,100,100,0,0
335,100,99,1,0
334,100,99,1,0
333,100,98,1,1
332,100,95,4,1
331,100,94,4,2
330,100,92,6,2
329,100,89,8,3
328,100,70,13,17
327,100,53,18,29
326,100,30,23,47
325,100,25,23,52
324,100,23,23,54
323,100,34,21,45
322,100,59,6,35
321,100,75,3,22
320,100,78,2,20
319,100,85,1,14
318,100,91,0,9
317,100,92,0,8
316,100,94,0,6
315,100,98,0,2
314,100,99,0,1
313,100,99,0,1
312,100,100,0,0
311,100,100,0,0
310,100,100,0,0
309,100,100,0,0
308,100,100,0,0
307,100,100,0,0
306,100,100,0,0
305,100,100,0,0
304,100,100,0,0
303,100,100,0,0
302,100,100,0,0
301,100,100,0,0
300,100,100,0,0
299,100,100,0,0
298,100,100,0,0
297,100,100,0,0
296,100,100,0,0
295,100,100,0,0
294,100,100,0,0
293,100,100,0,0
292,100,100,0,0
291,100,100,0,0
290,100,100,0,0
289,100,99,1,0
288,100,99,1,0
287,100,99,1,0
286,100,99,1,0
285,100,99,1,0
284,100,98,1,1
283,100,95,4,1
282,100,94,4,2
281,100,92,6,2
280,100,92,6,2
279,100,90,6,4
278,100,86,7,7
277,100,84,8,8
276,100,84,8,8
275,100,87,6,7
274,100,88,5,7
273,100,91,2,7
272,100,94,0,6
271,100,95,0,5
270,100,97,0,3
269,100,98,0,2
268,100,98,0,2
267,100,100,0,0
266,100,100,0,0
265,100,100,0,0
264,100,100,0,0
263,100,100,0,0
262,100,100,0,0
261,100,100,0,0
260,100,100,0,0
259,100,100,0,0
258,100,100,0,0
257,100,100,0,0
256,100,100,0,0
255,100,100,0,0
254,100,100,0,0
253,100,100,0,0
252,100,100,0,0
251,100,100,0,0
250,100,100,0,0
249,100,100,0,0
248,100,100,0,0
247,100,100,0,0
246,100,100,0,0
245,100,100,0,0
244,100,100,0,0
243,100,100,0,0
242,100,100,0,0
241,100,98,2,0
240,100,98,2,0
239,100,99,1,0
238,100,99,1,0
237,100,98,1,1
236,100,95,4,1
235,100,94,4,2
234,100,92,6,2
233,100,92,6,2
232,100,90,6,4
231,100,86,7,7
230,100,84,8,8
229,100,84,8,8
228,100,87,6,7
227,100,88,5,7
226,100,91,2,7
225,100,95,0,5
224,100,96,0,4
223,100,98,0,2
222,100,98,0,2
221,100,99,0,1
220,100,100,0,0
219,100,100,0,0
218,100,100,0,0
217,100,100,0,0
216,100,100,0,0
215,100,100,0,0
214,100,100,0,0
213,100,100,0,0
212,100,100,0,0
211,100,100,0,0
210,100,100,0,0
209,100,100,0,0
208,100,100,0,0
207,100,100,0,0
206,100,100,0,0
205,100,100,0,0
204,100,100,0,0
203,100,100,0,0
202,100,100,0,0
201,100,100,0,0
200,100,100,0,0
199,100,100,0,0
198,100,100,0,0
197,100,100,0,0
196,100,96,3,1
195,100,97,3,0
194,100,99,1,0
193,100,99,1,0
192,100,98,1,1
191,100,95,4,1
190,100,94,4,2
189,100,92,6,2
188,100,92,6,2
187,100,90,6,4
186,100,86,7,7
185,100,84,8,8
184,100,84,8,8
183,100,87,6,7
182,100,88,5,7
181,100,93,1,6
180,100,95,0,5
179,100,96,0,4
178,100,98,0,2
177,100,99,0,1
176,100,100,0,0
175,100,100,0,0
174,100,100,0,0
173,100,100,0,0
172,100,100,0,0
171,100,100,0,0
170,100,100,0,0
169,100,100,0,0
168,100,100,0,0
167,100,100,0,0
166,100,100,0,0
165,100,100,0,0
164,100,100,0,0
163,100,100,0,0
162,100,100,0,0
161,100,100,0,0
160,100,100,0,0
159,100,100,0,0
158,100,100,0,0
157,100,100,0,0
156,100,100,0,0
155,100,100,0,0
154,100,100,0,0
153,100,97,3,0
152,100,97,3,0
151,100,97,3,0
150,100,99,1,0
149,100,98,1,1
148,100,95,4,1
147,100,94,4,2
146,100,92,6,2
145,100,92,6,2
144,100,90,6,4
143,100,86,7,7
142,100,84,8,8
141,100,84,8,8
140,100,87,6,7
139,100,90,3,7
138,100,93,1,6
137,100,95,0,5
136,100,98,0,2
135,100,99,0,1
134,100,99,0,1
133,100,100,0,0
132,100,100,0,0
131,100,100,0,0
130,100,100,0,0
129,100,100,0,0
128,100,100,0,0
127,100,100,0,0
126,100,100,0,0
125,100,100,0,0
124,100,100,0,0
123,100,100,0,0
122,100,100,0,0
121,100,100,0,0
120,100,100,0,0
119,100,100,0,0
118,100,100,0,0
117,100,100,0,0
116,100,100,0,0
115,100,100,0,0
114,100,100,0,0
113,100,100,0,0
112,100,100,0,0
111,100,96,3,1
110,100,97,3,0
109,100,99,1,0
108,100,98,1,1
107,100,95,4,1
106,100,94,4,2
105,100,92,6,2
104,100,92,6,2
103,100,90,6,4
102,100,86,7,7
101,100,84,8,8
100,100,84,8,8
99,100,87,6,7
98,100,90,3,7
97,100,93,1,6
96,100,96,0,4
95,100,99,0,1
94,100,100,0,0
93,100,100,0,0
92,100,100,0,0
91,100,100,0,0
90,100,100,0,0
89,100,100,0,0
88,100,100,0,0
87,100,100,0,0
86,100,100,0,0
85,100,100,0,0
84,100,100,0,0
83,100,100,0,0
82,100,100,0,0
81,100,100,0,0
80,100,100,0,0
79,100,100,0,0
78,100,100,0,0
77,100,100,0,0
76,100,100,0,0
75,100,100,0,0
74,100,100,0,0
73,100,100,0,0
72,100,92,6,2
71,100,90,6,4
70,100,86,7,7
69,100,84,8,8
68,100,84,8,8
67,100,87,6,7
66,100,90,3,7
65,100,93,1,6
64,100,96,0,4
63,100,100,0,0
62,100,100,0,0
61,100,100,0,0
60,100,100,0,0
59,100,100,0,0
58,100,100,0,0
57,100,100,0,0
56,100,100,0,0
55,100,100,0,0
54,100,100,0,0
53,100,100,0,0
52,100,100,0,0
51,100,100,0,0
50,100,100,0,0
49,100,100,0,0
48,100,100,0,0
47,100,100,0,0
46,100,100,0,0
45,100,100,0,0
44,100,100,0,0
43,100,100,0,0
42,100,90,3,7
41,100,93,1,6
40,100,96,0,4
39,100,100,0,0
38,100,100,0,0
37,100,100,0,0
36,100,100,0,0
35,100,100,0,0
34,100,100,0,0
33,100,100,0,0
32,100,100,0,0
31,100,100,0,0
30,100,100,0,0
29,100,100,0,0
28,100,100,0,0
27,100,100,0,0
26,100,100,0,0
25,100,100,0,0
24,100,100,0,0
23,100,100,0,0
22,100,100,0,0
21,100,100,0,0
20,100,100,0,0
19,100,100,0,0
18,100,100,0,0
17,100,100,0,0
16,100,100,0,0
15,100,100,0,0
14,100,100,0,0
13,100,100,0,0
12,100,100,0,0
11,100,100,0,0
10,100,100,0,0
9,100,100,0,0
8,100,100,0,0
7,100,100,0,0
6,100,100,0,0
5,100,100,0,0
4,100,100,0,0
3,100,100,0,0
2,100,100,0,0
1,100,100,0,0
